anchor_id,condition_code,representation,cross_sensor_distance,baseline_grayscale_distance,delta_vs_baseline,same_sensor_rep_shift_vs_baseline
0,Condition A,Baseline Grayscale (Phase 7),0.19852174818515778,0.19852174818515778,0.0,0.0
1,Condition A,Baseline Grayscale (Phase 7),0.2582814395427704,0.2582814395427704,0.0,0.0
2,Condition A,Baseline Grayscale (Phase 7),0.5416451096534729,0.5416451096534729,0.0,0.0
3,Condition A,Baseline Grayscale (Phase 7),0.4906911849975586,0.4906911849975586,0.0,0.0
4,Condition A,Baseline Grayscale (Phase 7),0.47007694840431213,0.47007694840431213,0.0,0.0
5,Condition A,Baseline Grayscale (Phase 7),0.48696208000183105,0.48696208000183105,0.0,0.0
6,Condition A,Baseline Grayscale (Phase 7),0.4474483132362366,0.4474483132362366,0.0,0.0
7,Condition A,Baseline Grayscale (Phase 7),0.2994265556335449,0.2994265556335449,0.0,0.0
8,Condition A,Baseline Grayscale (Phase 7),0.44303247332572937,0.44303247332572937,0.0,0.0
9,Condition A,Baseline Grayscale (Phase 7),0.412854939699173,0.412854939699173,0.0,0.0
10,Condition A,Baseline Grayscale (Phase 7),0.3503570556640625,0.3503570556640625,0.0,0.0
11,Condition A,Baseline Grayscale (Phase 7),0.42532703280448914,0.42532703280448914,0.0,0.0
0,Condition B,Baseline CLAHE,0.20834343135356903,0.19852174818515778,0.009821683168411255,0.033768441528081894
1,Condition B,Baseline CLAHE,0.28151074051856995,0.2582814395427704,0.02322930097579956,0.055106159299612045
2,Condition B,Baseline CLAHE,0.4620809853076935,0.5416451096534729,-0.07956412434577942,0.08653628081083298
3,Condition B,Baseline CLAHE,0.5356191992759705,0.4906911849975586,0.044928014278411865,0.052067067474126816
4,Condition B,Baseline CLAHE,0.46397507190704346,0.47007694840431213,-0.006101876497268677,0.09019540250301361
5,Condition B,Baseline CLAHE,0.4373399019241333,0.48696208000183105,-0.049622178077697754,0.08012931793928146
6,Condition B,Baseline CLAHE,0.44238272309303284,0.4474483132362366,-0.005065590143203735,0.04730828106403351
7,Condition B,Baseline CLAHE,0.3084317743778229,0.2994265556335449,0.009005218744277954,0.06029004603624344
8,Condition B,Baseline CLAHE,0.449955016374588,0.44303247332572937,0.006922543048858643,0.0629628524184227
9,Condition B,Baseline CLAHE,0.39994943141937256,0.412854939699173,-0.012905508279800415,0.04251563921570778
10,Condition B,Baseline CLAHE,0.34751248359680176,0.3503570556640625,-0.002844572067260742,0.03227490186691284
11,Condition B,Baseline CLAHE,0.4449225068092346,0.42532703280448914,0.019595474004745483,0.09037861227989197
0,Condition C,Histogram Normalized,0.2456405758857727,0.19852174818515778,0.04711882770061493,0.07964309304952621
1,Condition C,Histogram Normalized,0.3237735331058502,0.2582814395427704,0.06549209356307983,0.0881488025188446
2,Condition C,Histogram Normalized,0.5753582119941711,0.5416451096534729,0.03371310234069824,0.049585022032260895
3,Condition C,Histogram Normalized,0.601762592792511,0.4906911849975586,0.11107140779495239,0.15107513964176178
4,Condition C,Histogram Normalized,0.43759214878082275,0.47007694840431213,-0.03248479962348938,0.134089395403862
5,Condition C,Histogram Normalized,0.3950806260108948,0.48696208000183105,-0.09188145399093628,0.15468230843544006
6,Condition C,Histogram Normalized,0.37512412667274475,0.4474483132362366,-0.07232418656349182,0.22797754406929016
7,Condition C,Histogram Normalized,0.30910733342170715,0.2994265556335449,0.009680777788162231,0.08769996464252472
8,Condition C,Histogram Normalized,0.41414350271224976,0.44303247332572937,-0.028888970613479614,0.07332417368888855
9,Condition C,Histogram Normalized,0.35184425115585327,0.412854939699173,-0.0610106885433197,0.04497108608484268
10,Condition C,Histogram Normalized,0.31352370977401733,0.3503570556640625,-0.036833345890045166,0.04155778884887695
11,Condition C,Histogram Normalized,0.38022103905677795,0.42532703280448914,-0.04510599374771118,0.1526976376771927
0,Condition D,Gradient Magnitude,0.11013732105493546,0.19852174818515778,-0.08838442713022232,0.1505611687898636
1,Condition D,Gradient Magnitude,0.16545136272907257,0.2582814395427704,-0.09283007681369781,0.21282590925693512
2,Condition D,Gradient Magnitude,0.600719153881073,0.5416451096534729,0.0590740442276001,0.28106048703193665
3,Condition D,Gradient Magnitude,0.3640754520893097,0.4906911849975586,-0.1266157329082489,0.3090539276599884
4,Condition D,Gradient Magnitude,0.5671454071998596,0.47007694840431213,0.09706845879554749,0.3156186044216156
5,Condition D,Gradient Magnitude,0.48787546157836914,0.48696208000183105,0.0009133815765380859,0.39125362038612366
6,Condition D,Gradient Magnitude,0.5219548344612122,0.4474483132362366,0.07450652122497559,0.38714441657066345
7,Condition D,Gradient Magnitude,0.37723812460899353,0.2994265556335449,0.07781156897544861,0.37771567702293396
8,Condition D,Gradient Magnitude,0.42267054319381714,0.44303247332572937,-0.02036193013191223,0.3645913600921631
9,Condition D,Gradient Magnitude,0.34820079803466797,0.412854939699173,-0.064654141664505,0.3888239860534668
10,Condition D,Gradient Magnitude,0.247307687997818,0.3503570556640625,-0.1030493676662445,0.4279399812221527
11,Condition D,Gradient Magnitude,0.39008045196533203,0.42532703280448914,-0.035246580839157104,0.2347497045993805
0,Condition E,Local Gradient Normalized,0.09569878876209259,0.19852174818515778,-0.10282295942306519,0.1563214510679245
1,Condition E,Local Gradient Normalized,0.1836535632610321,0.2582814395427704,-0.07462787628173828,0.21177804470062256
2,Condition E,Local Gradient Normalized,0.6203759908676147,0.5416451096534729,0.07873088121414185,0.31923651695251465
3,Condition E,Local Gradient Normalized,0.36796751618385315,0.4906911849975586,-0.12272366881370544,0.31364545226097107
4,Condition E,Local Gradient Normalized,0.5112947821617126,0.47007694840431213,0.04121783375740051,0.2814842462539673
5,Condition E,Local Gradient Normalized,0.4877866506576538,0.48696208000183105,0.0008245706558227539,0.3789531886577606
6,Condition E,Local Gradient Normalized,0.4992876350879669,0.4474483132362366,0.05183932185173035,0.3938739001750946
7,Condition E,Local Gradient Normalized,0.3433028757572174,0.2994265556335449,0.043876320123672485,0.3751367926597595
8,Condition E,Local Gradient Normalized,0.36405906081199646,0.44303247332572937,-0.07897341251373291,0.3264877200126648
9,Condition E,Local Gradient Normalized,0.3945884704589844,0.412854939699173,-0.0182664692401886,0.3818565011024475
10,Condition E,Local Gradient Normalized,0.37852349877357483,0.3503570556640625,0.02816644310951233,0.46794769167900085
11,Condition E,Local Gradient Normalized,0.46381619572639465,0.42532703280448914,0.03848916292190552,0.2899830937385559
