Case No,Case Name,Category,File Source,File Reference,Files Exist,Matcher / Path,Candidate Matches,Initial Inliers,Selected Points,Final Inliers,Spatial Occupancy,Reprojection RMSE,Held-Out RMSE,Validation Status,Sub-Pixel Status,Runtime,Pipeline Realm,Documented Protocol
1,Pair 04 - Optical,PRIMARY SIH DEMO,data/validation_pairs/pair_04/source.png,data/validation_pairs/pair_04/reference.png,True,LoFTR (Adaptive Routed),898,290,54,54,9/9 (100.0%),0.3340 px,0.4578 px,VALIDATED (Seeds 1-5),Demonstrated for this case,18.32 s,Production,current production validation
2,Pair 03 - Illumination,PRIMARY SIH DEMO,data/validation_pairs/pair_03/source.png,data/validation_pairs/pair_03/reference.png,True,LoFTR (Adaptive Routed),842,242,54,54,9/9 (100.0%),0.3891 px,0.5124 px,VALIDATED (Seeds 1-5),Demonstrated for this case,18.45 s,Production,current production validation
3,Pair 01 - Scale,PRIMARY SIH DEMO,data/validation_pairs/pair_01/source.png,data/validation_pairs/pair_01/reference.png,True,LoFTR (Adaptive Routed),712,198,54,54,9/9 (100.0%),0.4120 px,0.5892 px,VALIDATED (Seeds 1-5),Demonstrated for this case,17.90 s,Production,current production validation
4,Pair 05 - Real Lunar / OHRC,ADDITIONAL VERIFIED PROTOTYPE,data/pair05/ch2_ohr_ncp_20200824T0806596861.png,data/pair05/ch2_ohr_ncp_20200824T1003365280.png,True,LoFTR (Full-Image),"~ 3.7k (3,712)","~ 1.4k (1,420)",54,54,9/9 (100.0%),0.4412 px,0.4623 px,VALIDATED (Prototype Criterion),Demonstrated for this case,34.12 s,Production / Prototype,prototype validation
5,Cross-Sensor - Safe Rejection,PRIMARY SIH DEMO,data/cross_sensor/souse.jpeg,data/cross_sensor/ref.jpeg,True,LoFTR → Fallback SIFT (Both Filtered),8,2,0,0,0/9 (0.0%),N/A (Blocked),N/A (Blocked),REJECTED SAFELY (Quality Gate),Not verified,4.82 s,Production,current production validation
6,Pair 02 - Memory-Safe Failure / Safe Rejection,ADDITIONAL VERIFIED PROTOTYPE,data/validation_pairs/pair_02/source.png,data/validation_pairs/pair_02/reference.png,True,Tiled LoFTR (16 tiles) → Quality Gate Rejection,444,"12 (historical: 13)",0,0,2/9 (22.2%),N/A (Blocked),N/A (Blocked),"REJECTED SAFELY (Inlier ratio 2.70% < 20%; historical: 3.0%)",Not verified,42.15 s,Production / Prototype,prototype validation
7,Tycho - Research / Stress Test,RESEARCH / STRESS,data/tycho/source (1).png,data/tycho/real_refrence.png,True,"Tiled LoFTR (16 tiles, 2.839 GB > 2.60 GB cap) + SIFT fallback",1709,48,24,24,4/9 (44.4%),1.1924 px,1.5088 px,VALIDATED (Check RMSE 1.5088 px),Not sub-pixel,58.40 s,Research / Stress Test,prototype validation
8,Large Image - Tiled LoFTR Stress Test,ADDITIONAL VERIFIED PROTOTYPE,data/pair02/source.png (1200x10107),data/pair02/reference.png (1200x10107),True,Memory-Safe Tiled LoFTR (16/16 tiles),1201,384,54,54,9/9 (100.0%),0.6205 px,0.8155 px,VALIDATED (Check RMSE 0.8155 px),Demonstrated for this case,64.20 s,Prototype / Stress Test,prototype validation
9,Locked LoFTR Baseline,RESEARCH / STRESS,data/validation_pairs/pair_04/source.png,data/validation_pairs/pair_04/reference.png,True,LoFTR Only (Non-Adaptive Baseline Reference),166,49 (29.52%),36,36,"8/9 (88.9%, CV 0.5329)",1.5389 px,2.0364 px,VALIDATED (Check RMSE 2.0364 px),Not sub-pixel,7.59 s,Research Lab,prototype validation
10,Historical Benchmark (Earlier Validation Configuration),HISTORICAL BENCHMARK,Earlier Pair 01 & Pair 05 Clean Benchmark,Frozen 14-Point Calibration Check,True,"Historical SIFT, LoFTR, SuperGlue, Adaptive",N/A (Historical),N/A (Historical),14 points,14 points,N/A,SIFT 9.713 | SuperGlue 5.525 | LoFTR 3.643 | Adaptive 3.519 px,3.519 px (Adaptive two-pair mean),HISTORICAL ONLY (Different Validation Config),Not supported,N/A (Archival),Research Lab,historical benchmark
