requirement,production_mechanism,tested_dataset_case,key_metric,status,limitation
A. Correspondence between Chandrayaan-2 optical images,"Adaptive Engine with Locked LoFTR primary, OpenCV SIFT / SuperGlue fallbacks, and Common Downstream RANSAC (thresh=3.0 px).","Optical benchmark pairs (pair_01, pair_02, pair_03, pair_04).","Inlier count: 38 to 4,026; Held-out RMSE: 0.0034 to 1.7188 px.",DEMONSTRATED,Demonstrated on available optical pairs; uncalibrated cross-sensor crops without orbital metadata fail quality gate.
B. Illumination / sun-angle variation,"Standard CLAHE preprocessing (clipLimit=2.0, tileGrid=(8,8)) + LoFTR dense transformer matching + SIFT gradient orientation.",validation_pairs/pair_03 (severe illumination & shadowing difference).,"3,340 inliers; Held-out RMSE = 0.0072 px; Spatial occupancy = 1.00.",DEMONSTRATED,Permanently shadowed polar regions (PSRs) with zero photon return cannot produce optical tie points without active/radar sensors.
C. Viewpoint variation,"8-DoF Projective Homography model via RANSAC (confidence 0.995, threshold 3.0 px) on spatially distributed correspondences.",validation_pairs/pair_02 (viewpoint/perspective distortion).,"4,026 inliers; Held-out RMSE = 0.0045 px; Spatial occupancy = 1.00.",DEMONSTRATED,Planar homography assumes local planarity; high-relief crater walls with out-of-plane parallax require DEM orthorectification.
D. Scale variation,compute_matching_scale aspect-ratio preserving scaling + SIFT scale-space octave pyramid + Phase 17 controlled scale diagnostic.,validation_pairs/pair_01 (146x513 vs 194x528 native dimensions) and Phase 17 scale suite (0.5x–2.0x).,"Pair 01: 38 selected points, Held-out RMSE = 1.7188 px.",PARTIALLY DEMONSTRATED,Image-space scale sensitivity tested; physical lunar GSD normalization is not reproducible without mission orbital metadata.
E. Sub-pixel accuracy,Quadratic Taylor-series sub-pixel keypoint refinement (SIFT) / soft-argmax expectation (LoFTR) + least-squares homography refinement.,Phase 18 controlled known-transform tests across 8 affine/rotation perturbation conditions.,Mean error = 0.4204 px; Translations = 0.2647–0.3014 px; 100% <= 0.50 px on translations; Corner error = 0.2583 px.,PARTIALLY DEMONSTRATED,Sub-pixel localization proven under controlled transforms; real Chandrayaan-2 physical sub-pixel accuracy remains unverified due to absent GCPs.
F. Uniform spatial distribution of correspondence points,Production 3x3 spatial grid binning with a strict cap of max_per_cell=6 points (maximum 54 points) in execute_common_downstream.,"All successful optical benchmarks (pair_01, pair_02, pair_03, pair_04).","Nominal pairs: 100% occupancy (9/9 cells), 54 points, spatial CV = 0.0000; Pair 01: 8/9 cells (0.8889 occupancy).",DEMONSTRATED,"In scenes with partial geographic overlap, empty border cells reflect the physical geometric overlap boundary of the images."
G. Registered source image,"cv2.warpPerspective(source_img, H_final, (ref_w, ref_h)) executed deterministically in execute_common_downstream.",All successful runs (pair_01 through pair_04).,Output array dimensions match reference image exactly; RGB/grayscale intensity profiles preserved.,DEMONSTRATED,Areas outside the registered overlap polygon exhibit zero-fill border masking.
H. Corresponding match-point output,"Full correspondence arrays returned: inlier_pts0, inlier_pts1, selected_pts0, selected_pts1, side-by-side canvas visualization, and CSV export.","All successful runs; exported to UI canvas, CSV disk records, and 7-page PDF report.",Exact sub-pixel floating-point coordinates exported for all correspondences; round-trip inverse mapping verified.,DEMONSTRATED,Coordinates are expressed in 2D image pixel space rather than projected lunar surface latitude/longitude without SPICE geometry.
"I. Evaluation metrics (RMSE, inlier count, inlier ratio)","Multi-seed (seeds 1-5) independent held-out check RMSE, fit RMSE, initial inliers, final inliers, inlier ratio, spatial occupancy, runtime.","Reported across all production and validation runs; logged in JSON, CSV, and mission certificates.",Convergence verified across 5 distinct random seed permutations; held-out RMSE distinguishes valid from invalid models.,DEMONSTRATED,Held-out RMSE measures internal geometric model consistency; it is not physical ground-truth error unless independent surveyed GCPs exist.
