angle_deg,method,anchor_pairs_total,anchor_pairs_valid_after_rotation,same_sensor_rotation_mean_l2,same_sensor_rotation_median_l2,same_sensor_rotation_p90_l2,cross_sensor_mean_l2,cross_sensor_median_l2,cross_sensor_p90_l2,cross_sensor_delta_mean_l2,cross_sensor_delta_median_l2,orientation_valid_fraction,orientation_error_mean_deg,orientation_error_median_deg,orientation_error_p90_deg
0.0,Phase 7 SSC,12,12,0.0,0.0,0.0,0.4020520734290282,0.43417975306510925,0.4903182744979858,0.0,0.0,,,,
0.0,Phase-9-derived Rot-Norm SSC,12,12,0.0,0.0,0.0,0.4861645350853602,0.47921547293663025,0.6228148996829987,0.0,0.0,0.9166666666666666,0.0,0.0,0.0
10.0,Phase 7 SSC,12,12,0.1949847905586163,0.2091221809387207,0.2421381339430809,0.41274412473042804,0.45773211121559143,0.47183472812175753,0.010692051301399866,-0.007755637168884277,,,,
10.0,Phase-9-derived Rot-Norm SSC,12,12,0.2241363034894069,0.17773180454969406,0.3536752134561539,0.5047185346484184,0.504368782043457,0.6265887439250946,0.018553999563058216,0.04686369001865387,0.9166666666666666,22.088888299091472,22.245975936510092,27.838118528886618
20.0,Phase 7 SSC,12,10,0.34835183918476104,0.33636054396629333,0.43153099715709686,0.48181227743625643,0.49283139407634735,0.5390203773975372,0.04503010809421539,0.036921799182891846,,,,
20.0,Phase-9-derived Rot-Norm SSC,12,10,0.23094621375203134,0.18679074943065643,0.323148477077484,0.5118161290884018,0.5031561106443405,0.6282992482185363,0.003944137692451477,0.03352479636669159,0.9,39.404432749213534,38.123750295164754,44.42068021506894
30.0,Phase 7 SSC,12,9,0.42912641498777604,0.4505748450756073,0.5004433393478394,0.48968277043766445,0.4678294360637665,0.5803897857666016,0.06455203890800476,0.042502403259277344,,,,
30.0,Phase-9-derived Rot-Norm SSC,12,9,0.263487297627661,0.21319904923439026,0.3856403827667237,0.49624576833513045,0.4654633104801178,0.6618902564048768,-0.01097870535320706,0.00587308406829834,0.8888888888888888,59.32849042067327,56.54559680359896,65.87632471743308
-20.0,Phase 7 SSC,12,9,0.2903415544165505,0.2790718674659729,0.37618852257728574,0.4491237501303355,0.4265033006668091,0.5297412991523742,0.023993018600675795,0.012652307748794556,,,,
-20.0,Phase-9-derived Rot-Norm SSC,12,9,0.26382798535956276,0.23954245448112488,0.44350116252899174,0.5325340429941813,0.4988667070865631,0.7033471822738647,0.025309569305843778,0.024424046277999878,0.8888888888888888,39.465453600264254,39.73332151223187,41.66095969790767
