req_id,requirement_name,production_implementation,experimental_evidence,validation_evidence,known_limitation,status
A,Correspondence between Chandrayaan-2 optical images,Locked LoFTR (primary) with SIFT/SuperGlue fallbacks + Common Downstream RANSAC (thresh=3.0 px).,"Demonstrated on Chandrayaan-2 optical benchmark pairs (pair_01, pair_02, pair_03, pair_04) yielding up to 4,026 inliers.",Multi-seed held-out cross-validation passes on optical pairs (RMSE 0.0034–1.7188 px).,Uncalibrated cross-sensor crops (IIRS ↔ OHRC) without orbit metadata fail the 20% inlier ratio quality gate (inlier ratio 6.03% < 20% threshold; 12 inliers exceeds min_initial_inliers=8).,PARTIALLY DEMONSTRATED
B,Illumination / sun-angle variation,"Standard CLAHE preprocessing (clipLimit=2.0, tileGrid=(8,8)) + LoFTR dense transformer matching + SIFT gradient orientation.","Validated on validation_pairs/pair_03 (severe illumination & shadowing difference; 3,340 inliers, held-out RMSE 0.0072 px) and Phase 1 contrast benchmarks.","Multi-seed held-out RMSE = 0.0072 px, spatial occupancy = 1.00.",Permanently shadowed polar regions (PSRs) with zero photon return cannot produce optical tie points without active/radar sensors.,DEMONSTRATED
C,Viewpoint variation,"8-DoF Projective Homography model via RANSAC (confidence 0.995, threshold 3.0 px) on spatially distributed correspondences.","Validated on validation_pairs/pair_02 (viewpoint/tilt distortion; 4,026 inliers, held-out RMSE 0.0045 px) and Phase 18 affine/rotation stress tests.","Multi-seed held-out RMSE = 0.0045 px, spatial occupancy = 1.00.",Planar homography assumes local planarity; high-relief lunar crater rims observed from wide off-nadir angles introduce non-planar parallax requiring DEM orthorectification.,DEMONSTRATED
D,Scale variation,compute_matching_scale aspect-ratio preserving scaling + SIFT scale-space octave pyramid + Phase 17 controlled scale diagnostic.,"validation_pairs/pair_01 has different native dimensions (146x513 vs 194x528) and registers successfully (LoFTR, RMSE 1.7188 px). Phase 17 evaluated 0.5x–2.0x scale sensitivity.",Held-out RMSE = 1.7188 px on optical scale-varying pair.,Physical Ground Sample Distance (GSD) normalization is not reproducible on uncalibrated benchmark crops because camera focal lengths and orbital altitude are absent.,PARTIALLY DEMONSTRATED
E,Sub-pixel accuracy,Quadratic Taylor-series sub-pixel keypoint refinement (SIFT) / soft-argmax expectation (LoFTR) + least-squares homography refinement.,Phase 18 proved sub-pixel correspondence localization on controlled known-transform tests (mean error 0.26–0.30 px on translations; 100% of matches <= 0.50 px; homography corner error 0.26 px).,Held-out cross-validation RMSE on controlled test cases = 0.0153 px.,Real-image physical sub-pixel accuracy remains unverified on the real IIRS/OHRC benchmark pair because verified physical correspondence ground truth is absent.,PARTIALLY DEMONSTRATED
F,Uniform spatial distribution of correspondence points,Production 3x3 spatial grid binning with a strict cap of max_per_cell=6 points (maximum 54 points) in execute_common_downstream.,"Achieved 100% spatial occupancy (9/9 cells) and exactly 6 points per cell (54 points, spatial CV = 0.0000) across all valid benchmarks.","Spatial occupancy ratio = 1.00, spatial CV = 0.0000, 54 points distributed evenly across 9 spatial quadrants.","In pairs with partial geographic overlap, empty non-overlapping border cells yield 8/9 occupancy (0.8889), bounded by the physical geometric overlap boundary of the scenes.",DEMONSTRATED
G,Registered source image,"cv2.warpPerspective(source_img, H_final, (ref_w, ref_h)) executed deterministically in execute_common_downstream.","Generated and validated across all successful runs; exported to UI canvas, disk, and PDF reports.",Warped array dimensions match reference image exactly; RGB/grayscale intensity profiles preserved.,Areas outside the registered overlap polygon exhibit zero-fill border masking.,DEMONSTRATED
H,Corresponding match-point output,"Full correspondence arrays returned: inlier_pts0, inlier_pts1, selected_pts0, selected_pts1, side-by-side canvas visualization, and CSV export.",Exact floating-point sub-pixel pixel coordinates exported in batch_validator.py and Phase 18 per-match records.,Coordinate round-trip and inverse-mapping verified; visual correspondence lines rendered on match canvas.,Coordinates are expressed in 2D image pixel space rather than projected lunar surface latitude/longitude without SPICE/PDS4 geometry.,DEMONSTRATED
I,"Evaluation metrics (RMSE, inlier count, inlier ratio)","Multi-seed (seeds 1-5) independent held-out check RMSE, fit RMSE, initial inliers, final inliers, inlier ratio, spatial occupancy, runtime.","Reported across all production and validation runs; logged in JSON, CSV, and mission certificates.",Statistical convergence verified across 5 distinct random seed permutations.,Held-out RMSE measures internal geometric model consistency; it is not physical ground-truth error unless independent surveyed GCPs exist.,DEMONSTRATED
