resource_id,category,product_name,source_org,source_url,label_url,filename,file_size_bytes,format,spatial_coverage,resolution,projection,reference_frame,vertical_datum,pairs_covered,local_status,purpose
LOLA_DEM_20M,Digital Elevation Model,LDEM_80S_20M,NASA GSFC / PDS Geosciences Node,https://pds-geosciences.wustl.edu/lro/lro-l-lola-3-rdr-v1/lrolol_1xxx/DATA/LOLA_GDR/POLAR/IMG/LDEM_80S_20M.IMG,https://pds-geosciences.wustl.edu/lro/lro-l-lola-3-rdr-v1/lrolol_1xxx/DATA/LOLA_GDR/POLAR/IMG/LDEM_80S_20M.LBL,LDEM_80S_20M.IMG,1848320000,Binary 16-bit signed integer (PDS3 IMG),80S to 90S (All Longitudes 0-360E),20 m/pixel,Polar Stereographic (Spherical R=1737.4 km),"Body-Fixed Rotating, MEAN EARTH/POLAR AXIS OF DE421",Planetary Radius = (DN * 0.5) + 1737400 m,"OHRC_PAIR_01, OHRC_PAIR_02, OHRC_PAIR_03, OHRC_PAIR_04",Label verified & downloaded (0793611cde04...); IMG cataloged,Authoritative south polar topographic surface for ray-terrain intersection
LOLA_DEM_5M,Digital Elevation Model,LDEM_875S_5M,NASA GSFC / PDS Geosciences Node,https://pds-geosciences.wustl.edu/lro/lro-l-lola-3-rdr-v1/lrolol_1xxx/DATA/LOLA_GDR/POLAR/IMG/LDEM_875S_5M.IMG,https://pds-geosciences.wustl.edu/lro/lro-l-lola-3-rdr-v1/lrolol_1xxx/DATA/LOLA_GDR/POLAR/IMG/LDEM_875S_5M.LBL,LDEM_875S_5M.IMG,1840545792,Binary 16-bit signed integer (PDS3 IMG),87.5S to 90S (All Longitudes 0-360E),5 m/pixel,Polar Stereographic (Spherical R=1737.4 km),"Body-Fixed Rotating, MEAN EARTH/POLAR AXIS OF DE421",Planetary Radius = (DN * 0.5) + 1737400 m,"OHRC_PAIR_01 ONLY (Pairs 02, 03, 04 are north of 87.5S)",Label verified & downloaded (3cc0c25bd0e6...); IMG cataloged,High-resolution topographic surface for extreme near-polar analysis (Pair 01)
SPICE_IK_OHRC,SPICE Instrument Kernel,ch2_ohr_v01.ti,ISRO SAC / URSC & USGS Astrogeology,https://asc-isisdata.s3.us-west-2.amazonaws.com/usgs_data/chandrayaan2/kernels/ik/ch2_ohr_v01.ti,N/A (Text Kernel),ch2_ohr_v01.ti,8409,NAIF Text Instrument Kernel,CH2_OHRC Instrument (NAIF ID -152270),"Focal length 2080.0 mm, Pixel pitch 5.2 um, 12000 pixels",Instrument Frame CH2_OHRC,CH2_ORBITER (-152001),N/A,"OHRC_PAIR_01, OHRC_PAIR_02, OHRC_PAIR_03, OHRC_PAIR_04",VERIFIED & DOWNLOADED (SHA-256: d13cd4b41c3d67...),"Defines focal length, detector geometry, boresight, and FOV angles"
SPICE_FK_CH2,SPICE Frame Kernel,ch2_v01.tf,ISRO SAC / URSC & USGS Astrogeology,https://asc-isisdata.s3.us-west-2.amazonaws.com/usgs_data/chandrayaan2/kernels/fk/ch2_v01.tf,N/A (Text Kernel),ch2_v01.tf,13382,NAIF Text Frame Kernel,Chandrayaan-2 Orbiter (-152) and Instruments,Frame hierarchy and rotation definitions,"J2000 -> MOON_PA / IAU_MOON, J2000 -> CH2_ORBITER -> CH2_OHRC","J2000, MOON_PA, CH2_ORBITER, CH2_OHRC",N/A,"OHRC_PAIR_01, OHRC_PAIR_02, OHRC_PAIR_03, OHRC_PAIR_04",VERIFIED & DOWNLOADED (SHA-256: 9a403b8850ba7f...),Defines frame chain relating instrument optical axis to lunar body frame
SPICE_SCLK_CH2,SPICE Clock Kernel,ch2_sclk_v1.tsc,ISRO URSC & USGS Astrogeology,https://asc-isisdata.s3.us-west-2.amazonaws.com/usgs_data/chandrayaan2/kernels/sclk/ch2_sclk_v1.tsc,N/A (Text Kernel),ch2_sclk_v1.tsc,718426,NAIF Spacecraft Clock Kernel,Chandrayaan-2 Spacecraft Clock,Time correlation: Spacecraft Clock (SCLK) to Terrestrial / Ephemeris Time (ET),Time System,UTC / ET,N/A,"OHRC_PAIR_01, OHRC_PAIR_02, OHRC_PAIR_03, OHRC_PAIR_04",VERIFIED & DOWNLOADED (SHA-256: 21f3872236b651...),Synchronizes scanline timestamps to ephemeris time for trajectory evaluation
SPICE_PCK_GENERIC,SPICE Planetary Constants Kernel,pck00010.tpc,NASA NAIF / USGS Astrogeology,https://asc-isisdata.s3.us-west-2.amazonaws.com/usgs_data/chandrayaan2/kernels/pck/pck00010.tpc,N/A (Text Kernel),pck00010.tpc,126143,NAIF Text PCK,"Solar System bodies (Moon orientation, pole, prime meridian, radii)",Triaxial radii and orientation angles,IAU_MOON / MOON_ME,J2000 -> IAU_MOON,N/A,"OHRC_PAIR_01, OHRC_PAIR_02, OHRC_PAIR_03, OHRC_PAIR_04",VERIFIED & DOWNLOADED (SHA-256: 59468328349aa7...),Provides standard lunar body orientation model and reference ellipsoids
SPICE_SPK_PAIR01,SPICE Trajectory Kernel,ch2_eph_29Nov2024_02Jan2025_v1.bsp,ISRO URSC Flight Dynamics & USGS Astrogeology,https://asc-isisdata.s3.us-west-2.amazonaws.com/usgs_data/chandrayaan2/kernels/spk/ch2_eph_29Nov2024_02Jan2025_v1.bsp,N/A (Binary SPK),ch2_eph_29Nov2024_02Jan2025_v1.bsp,5515264,NAIF Binary SPK (Double Precision Ephemeris),Chandrayaan-2 Orbiter: 2024-Nov-29 to 2025-Jan-02,Continuous orbit position R(t) and velocity V(t) polynomials,J2000 Inertial Frame,J2000 Moon-Centered,N/A,OHRC_PAIR_01 (Acquisition: 2024-Dec-07T12:21:32),VERIFIED & DOWNLOADED (SHA-256: 8e7d8993fb8736...),Recovers time-dependent spacecraft position R(t) for Pair 01 scanlines
SPICE_SPK_PAIR02,SPICE Trajectory Kernel,ch2_eph_29Jan2025_02Mar2025_v1.bsp,ISRO URSC Flight Dynamics & USGS Astrogeology,https://asc-isisdata.s3.us-west-2.amazonaws.com/usgs_data/chandrayaan2/kernels/spk/ch2_eph_29Jan2025_02Mar2025_v1.bsp,N/A (Binary SPK),ch2_eph_29Jan2025_02Mar2025_v1.bsp,5193728,NAIF Binary SPK,Chandrayaan-2 Orbiter: 2025-Jan-29 to 2025-Mar-02,Continuous orbit position R(t) and velocity V(t) polynomials,J2000 Inertial Frame,J2000 Moon-Centered,N/A,OHRC_PAIR_02 (Acquisition: 2025-Feb-08T14:02:45),CATALOGED & VERIFIED AT USGS S3 ENDPOINT,Recovers time-dependent spacecraft position R(t) for Pair 02 scanlines
SPICE_SPK_PAIR03,SPICE Trajectory Kernel,ch2_eph_27Feb2025_02Apr2025_v1.bsp,ISRO URSC Flight Dynamics & USGS Astrogeology,https://asc-isisdata.s3.us-west-2.amazonaws.com/usgs_data/chandrayaan2/kernels/spk/ch2_eph_27Feb2025_02Apr2025_v1.bsp,N/A (Binary SPK),ch2_eph_27Feb2025_02Apr2025_v1.bsp,5516288,NAIF Binary SPK,Chandrayaan-2 Orbiter: 2025-Feb-27 to 2025-Apr-02,Continuous orbit position R(t) and velocity V(t) polynomials,J2000 Inertial Frame,J2000 Moon-Centered,N/A,OHRC_PAIR_03 (Acquisition: 2025-Mar-08T01:27:52),CATALOGED & VERIFIED AT USGS S3 ENDPOINT,Recovers time-dependent spacecraft position R(t) for Pair 03 scanlines
SPICE_SPK_PAIR04,SPICE Trajectory Kernel,ch2_eph_30Sep2025_02Nov2025_v1.bsp,ISRO URSC Flight Dynamics & USGS Astrogeology,https://asc-isisdata.s3.us-west-2.amazonaws.com/usgs_data/chandrayaan2/kernels/spk/ch2_eph_30Sep2025_02Nov2025_v1.bsp,N/A (Binary SPK),ch2_eph_30Sep2025_02Nov2025_v1.bsp,5353472,NAIF Binary SPK,Chandrayaan-2 Orbiter: 2025-Sep-30 to 2025-Nov-02,Continuous orbit position R(t) and velocity V(t) polynomials,J2000 Inertial Frame,J2000 Moon-Centered,N/A,OHRC_PAIR_04 (Acquisition: 2025-Oct-12T04:58:21),CATALOGED & VERIFIED AT USGS S3 ENDPOINT,Recovers time-dependent spacecraft position R(t) for Pair 04 scanlines
SPICE_CK_PAIR01,SPICE Attitude Kernel,ch2_att_27Nov2024_04Jan2025_v1.bc,ISRO URSC Flight Dynamics & USGS Astrogeology,https://asc-isisdata.s3.us-west-2.amazonaws.com/usgs_data/chandrayaan2/kernels/ck/ch2_att_27Nov2024_04Jan2025_v1.bc,N/A (Binary CK),ch2_att_27Nov2024_04Jan2025_v1.bc,2238906368,NAIF Binary CK (Type 3 Quaternion Interpolation),Chandrayaan-2 Orbiter Attitude: 2024-Nov-27 to 2025-Jan-04,Continuous pointing quaternion q(t) stream,J2000 -> CH2_ORBITER,J2000 Inertial to Body-Fixed,N/A,OHRC_PAIR_01 (Acquisition: 2024-Dec-07T12:21:32),CATALOGED & VERIFIED AT USGS S3 ENDPOINT (2.24 GB),Recovers time-dependent spacecraft attitude q(t) for Pair 01 scanlines
SPICE_CK_PAIR02,SPICE Attitude Kernel,ch2_att_27Jan2025_04Mar2025_v1.bc,ISRO URSC Flight Dynamics & USGS Astrogeology,https://asc-isisdata.s3.us-west-2.amazonaws.com/usgs_data/chandrayaan2/kernels/ck/ch2_att_27Jan2025_04Mar2025_v1.bc,N/A (Binary CK),ch2_att_27Jan2025_04Mar2025_v1.bc,2301982720,NAIF Binary CK,Chandrayaan-2 Orbiter Attitude: 2025-Jan-27 to 2025-Mar-04,Continuous pointing quaternion q(t) stream,J2000 -> CH2_ORBITER,J2000 Inertial to Body-Fixed,N/A,OHRC_PAIR_02 (Acquisition: 2025-Feb-08T14:02:45),CATALOGED & VERIFIED AT USGS S3 ENDPOINT (2.30 GB),Recovers time-dependent spacecraft attitude q(t) for Pair 02 scanlines
SPICE_CK_PAIR03,SPICE Attitude Kernel,ch2_att_27Feb2025_04Apr2025_v1.bc,ISRO URSC Flight Dynamics & USGS Astrogeology,https://asc-isisdata.s3.us-west-2.amazonaws.com/usgs_data/chandrayaan2/kernels/ck/ch2_att_27Feb2025_04Apr2025_v1.bc,N/A (Binary CK),ch2_att_27Feb2025_04Apr2025_v1.bc,2259828736,NAIF Binary CK,Chandrayaan-2 Orbiter Attitude: 2025-Feb-27 to 2025-Apr-04,Continuous pointing quaternion q(t) stream,J2000 -> CH2_ORBITER,J2000 Inertial to Body-Fixed,N/A,OHRC_PAIR_03 (Acquisition: 2025-Mar-08T01:27:52),CATALOGED & VERIFIED AT USGS S3 ENDPOINT (2.26 GB),Recovers time-dependent spacecraft attitude q(t) for Pair 03 scanlines
SPICE_CK_PAIR04,SPICE Attitude Kernel,ch2_att_27Sep2025_03Nov2025_v1.bc,ISRO URSC Flight Dynamics & USGS Astrogeology,https://asc-isisdata.s3.us-west-2.amazonaws.com/usgs_data/chandrayaan2/kernels/ck/ch2_att_27Sep2025_03Nov2025_v1.bc,N/A (Binary CK),ch2_att_27Sep2025_03Nov2025_v1.bc,2247628800,NAIF Binary CK,Chandrayaan-2 Orbiter Attitude: 2025-Sep-27 to 2025-Nov-03,Continuous pointing quaternion q(t) stream,J2000 -> CH2_ORBITER,J2000 Inertial to Body-Fixed,N/A,OHRC_PAIR_04 (Acquisition: 2025-Oct-12T04:58:21),CATALOGED & VERIFIED AT USGS S3 ENDPOINT (2.25 GB),Recovers time-dependent spacecraft attitude q(t) for Pair 04 scanlines
