resource_id,category,product_name,filename,local_path,file_size_bytes,sha256,source_url,pairs_covered,format,purpose
SPICE_LSK_NAIF0012,SPICE Leapseconds Kernel,naif0012.tls,naif0012.tls,downloads/naif0012.tls,5257,678e32bdb5a744117a467cd9601cd6b373f0e9bc9bbde1371d5eee39600a039b,https://naif.jpl.nasa.gov/pub/naif/generic_kernels/lsk/naif0012.tls,"OHRC_PAIR_01, OHRC_PAIR_02, OHRC_PAIR_03, OHRC_PAIR_04",NAIF Text LSK,Correlates UTC calendar epochs to Ephemeris Time (ET / TDB)
SPICE_PCK_PLANETARY,SPICE Planetary Constants Kernel,pck00010.tpc,pck00010.tpc,downloads/pck00010.tpc,126143,59468328349aa730d18bf1f8d7e86efe6e40b75dfb921908f99321b3a7a701d2,https://asc-isisdata.s3.us-west-2.amazonaws.com/usgs_data/chandrayaan2/kernels/pck/pck00010.tpc,"OHRC_PAIR_01, OHRC_PAIR_02, OHRC_PAIR_03, OHRC_PAIR_04",NAIF Text PCK,Defines IAU_MOON triaxial radii (1737.4 km) and rotation orientation
SPICE_FK_CH2,SPICE Frame Kernel,ch2_v01.tf,ch2_v01.tf,downloads/ch2_v01.tf,13382,9a403b8850ba7f92aa4e72bfef8a2e801ab13c302b066a24c32a547a373a4764,https://asc-isisdata.s3.us-west-2.amazonaws.com/usgs_data/chandrayaan2/kernels/fk/ch2_v01.tf,"OHRC_PAIR_01, OHRC_PAIR_02, OHRC_PAIR_03, OHRC_PAIR_04",NAIF Text FK,Defines CH2_ORBITER (-152001) and CH2_OHRC (-152270) frame tree
SPICE_SCLK_CH2,SPICE Spacecraft Clock Kernel,ch2_sclk_v1.tsc,ch2_sclk_v1.tsc,downloads/ch2_sclk_v1.tsc,718426,21f3872236b651228d5411347b3a5ef1dd8027cc48d3680ea827a1e2f614b2a6,https://asc-isisdata.s3.us-west-2.amazonaws.com/usgs_data/chandrayaan2/kernels/sclk/ch2_sclk_v1.tsc,"OHRC_PAIR_01, OHRC_PAIR_02, OHRC_PAIR_03, OHRC_PAIR_04",NAIF Text SCLK,Converts Ephemeris Time to on-board clock ticks for attitude lookup
SPICE_IK_OHRC,SPICE Instrument Kernel,ch2_ohr_v01.ti,ch2_ohr_v01.ti,downloads/ch2_ohr_v01.ti,8409,d13cd4b41c3d674806192eaa6c3576a330a70819de01b99386b7578ebbfdb9b4,https://asc-isisdata.s3.us-west-2.amazonaws.com/usgs_data/chandrayaan2/kernels/ik/ch2_ohr_v01.ti,"OHRC_PAIR_01, OHRC_PAIR_02, OHRC_PAIR_03, OHRC_PAIR_04",NAIF Text IK,"Encodes calibrated focal length (2080 mm), pixel pitch (5.2 um), boresight"
SPICE_SPK_PAIR01,SPICE Ephemeris Kernel,ch2_eph_29Nov2024_02Jan2025_v1.bsp,ch2_eph_29Nov2024_02Jan2025_v1.bsp,downloads/ch2_eph_29Nov2024_02Jan2025_v1.bsp,5515264,8e7d8993fb8736d27290dc2ba6378b1e42c4c5e9ed8f717ffebb901667ca2e8b,https://asc-isisdata.s3.us-west-2.amazonaws.com/usgs_data/chandrayaan2/kernels/spk/ch2_eph_29Nov2024_02Jan2025_v1.bsp,OHRC_PAIR_01 (Pass: 2024-12-07T12:21:32),NAIF Binary SPK,Provides spacecraft trajectory position R(t) and velocity V(t)
SPICE_SPK_PAIR02,SPICE Ephemeris Kernel,ch2_eph_29Jan2025_02Mar2025_v1.bsp,ch2_eph_29Jan2025_02Mar2025_v1.bsp,downloads/ch2_eph_29Jan2025_02Mar2025_v1.bsp,5193728,1993384f4f20a42ede8f98ac1d672cabe0d251855d5e551b3d139103db691fde,https://asc-isisdata.s3.us-west-2.amazonaws.com/usgs_data/chandrayaan2/kernels/spk/ch2_eph_29Jan2025_02Mar2025_v1.bsp,OHRC_PAIR_02 (Pass: 2025-02-08T14:02:45),NAIF Binary SPK,Provides spacecraft trajectory position R(t) and velocity V(t)
SPICE_SPK_PAIR03,SPICE Ephemeris Kernel,ch2_eph_27Feb2025_02Apr2025_v1.bsp,ch2_eph_27Feb2025_02Apr2025_v1.bsp,downloads/ch2_eph_27Feb2025_02Apr2025_v1.bsp,5516288,3385baab31c3e0ee3e7d499137f3ab98223cdc00777d6e00d44d103a0287ce25,https://asc-isisdata.s3.us-west-2.amazonaws.com/usgs_data/chandrayaan2/kernels/spk/ch2_eph_27Feb2025_02Apr2025_v1.bsp,OHRC_PAIR_03 (Pass: 2025-03-08T01:27:52),NAIF Binary SPK,Provides spacecraft trajectory position R(t) and velocity V(t)
SPICE_SPK_PAIR04,SPICE Ephemeris Kernel,ch2_eph_30Sep2025_02Nov2025_v1.bsp,ch2_eph_30Sep2025_02Nov2025_v1.bsp,downloads/ch2_eph_30Sep2025_02Nov2025_v1.bsp,5353472,b7a1b17036d7082f27bf732dfe39b948acd2ba81d46be4ea64ed6cffd023e979,https://asc-isisdata.s3.us-west-2.amazonaws.com/usgs_data/chandrayaan2/kernels/spk/ch2_eph_30Sep2025_02Nov2025_v1.bsp,OHRC_PAIR_04 (Pass: 2025-10-12T04:58:21),NAIF Binary SPK,Provides spacecraft trajectory position R(t) and velocity V(t)
SPICE_CK_PAIR01,SPICE Attitude Kernel,ch2_att_pair01_subset.bc,ch2_att_pair01_subset.bc,downloads/ch2_att_pair01_subset.bc,1850368,06113d4d528bc0d18ae81e6ff95da5bd99605b683575ba7a69c0e44caaddfc74,Extracted from ch2_att_27Nov2024_04Jan2025_v1.bc via USGS ISIS S3,OHRC_PAIR_01 (Pass: 2024-12-07T12:21:32),NAIF Binary CK (Type 3 Quaternion Interpolation),Provides continuous attitude quaternions q(t) across Pair 01 pass
SPICE_CK_PAIR02,SPICE Attitude Kernel,ch2_att_pair02_subset.bc,ch2_att_pair02_subset.bc,downloads/ch2_att_pair02_subset.bc,3460096,02b6be5bd3c177246aba38d719265ab49796c6fe8a8ca6cd72e7e2776c1edb59,Extracted from ch2_att_27Jan2025_04Mar2025_v1.bc via USGS ISIS S3,OHRC_PAIR_02 (Pass: 2025-02-08T14:02:45),NAIF Binary CK (Type 3 Quaternion Interpolation),Provides continuous attitude quaternions q(t) across Pair 02 pass
SPICE_CK_PAIR03,SPICE Attitude Kernel,ch2_att_pair03_subset.bc,ch2_att_pair03_subset.bc,downloads/ch2_att_pair03_subset.bc,4012032,93aa0b23f0087783ccd96962e511a3a7c2ad202edfa516db667a66aad49c191c,Extracted from ch2_att_27Feb2025_04Apr2025_v1.bc via USGS ISIS S3,OHRC_PAIR_03 (Pass: 2025-03-08T01:27:52),NAIF Binary CK (Type 3 Quaternion Interpolation),Provides continuous attitude quaternions q(t) across Pair 03 pass
SPICE_CK_PAIR04,SPICE Attitude Kernel,ch2_att_pair04_subset.bc,ch2_att_pair04_subset.bc,downloads/ch2_att_pair04_subset.bc,901120,d594422ce2023b700917b1f22852576626b03dc582d53fbec0872eb5e7538c1f,Extracted from ch2_att_27Sep2025_03Nov2025_v1.bc via USGS ISIS S3,OHRC_PAIR_04 (Pass: 2025-10-12T04:58:21),NAIF Binary CK (Type 3 Quaternion Interpolation),Provides continuous attitude quaternions q(t) across Pair 04 pass
DEM_LOLA_20M_PAIR01,Digital Elevation Model Subset,LDEM_80S_20M_pair01_subset.bin,LDEM_80S_20M_pair01_subset.bin,downloads/LDEM_80S_20M_pair01_subset.bin,1949560,84ff10df657c12c86ddd84e6281beb72c6be3481887b8ba13a88990feabf9ee9,https://pds-geosciences.wustl.edu/lro/lro-l-lola-3-rdr-v1/lrolol_1xxx/DATA/LOLA_GDR/POLAR/IMG/LDEM_80S_20M.IMG,"OHRC_PAIR_01 (799 lines x 1220 samples, 20m/px)","Binary 16-bit signed integer (int16), Polar Stereographic",Topographic elevation surface for Pair 01 ray-terrain intersection
DEM_LOLA_20M_PAIR02,Digital Elevation Model Subset,LDEM_80S_20M_pair02_subset.bin,LDEM_80S_20M_pair02_subset.bin,downloads/LDEM_80S_20M_pair02_subset.bin,1019180,dbef9ca3e3eea9a2460e39170ccf4008eaf9d754f8dcd7f2a3520df62926b9ac,https://pds-geosciences.wustl.edu/lro/lro-l-lola-3-rdr-v1/lrolol_1xxx/DATA/LOLA_GDR/POLAR/IMG/LDEM_80S_20M.IMG,"OHRC_PAIR_02 (1310 lines x 389 samples, 20m/px)","Binary 16-bit signed integer (int16), Polar Stereographic",Topographic elevation surface for Pair 02 ray-terrain intersection
DEM_LOLA_20M_PAIR03,Digital Elevation Model Subset,LDEM_80S_20M_pair03_subset.bin,LDEM_80S_20M_pair03_subset.bin,downloads/LDEM_80S_20M_pair03_subset.bin,910800,0dec157921e9625f197f0010eaec24ebd7286c9cb44e6ddf7c71bc5e13428007,https://pds-geosciences.wustl.edu/lro/lro-l-lola-3-rdr-v1/lrolol_1xxx/DATA/LOLA_GDR/POLAR/IMG/LDEM_80S_20M.IMG,"OHRC_PAIR_03 (1320 lines x 345 samples, 20m/px)","Binary 16-bit signed integer (int16), Polar Stereographic",Topographic elevation surface for Pair 03 ray-terrain intersection
DEM_LOLA_20M_PAIR04,Digital Elevation Model Subset,LDEM_80S_20M_pair04_subset.bin,LDEM_80S_20M_pair04_subset.bin,downloads/LDEM_80S_20M_pair04_subset.bin,1405544,2bffb92dc93f01b788542ac06e3ae3d47ef92314f09fddab74c16b66d5c3468e,https://pds-geosciences.wustl.edu/lro/lro-l-lola-3-rdr-v1/lrolol_1xxx/DATA/LOLA_GDR/POLAR/IMG/LDEM_80S_20M.IMG,"OHRC_PAIR_04 (1321 lines x 532 samples, 20m/px)","Binary 16-bit signed integer (int16), Polar Stereographic",Topographic elevation surface for Pair 04 ray-terrain intersection
DEM_LOLA_5M_PAIR01,Digital Elevation Model Subset,LDEM_875S_5M_pair01_subset.bin,LDEM_875S_5M_pair01_subset.bin,downloads/LDEM_875S_5M_pair01_subset.bin,29875716,bd5ff2ad0f80cd943f8e59c9dc5746c497b93e0829a9eddf0fda51f1cf9517ba,https://pds-geosciences.wustl.edu/lro/lro-l-lola-3-rdr-v1/lrolol_1xxx/DATA/LOLA_GDR/POLAR/IMG/LDEM_875S_5M.IMG,"OHRC_PAIR_01 ONLY (3114 lines x 4797 samples, 5m/px)","Binary 16-bit signed integer (int16), Polar Stereographic",High-resolution 5m elevation surface for Pair 01 ray-terrain intersection
