image,csv,width,height,lon_min,lon_max,lat_min,lat_max,rows,status
ch2_ohr_ncp_20200229T0739312111.png,ch2_ohr_ncp_20200229T0739312111.csv,1200,9369,43.3594878,43.9577057,-74.3660503,-73.5167712,113498,OK
ch2_ohr_ncp_20200229T0938004033.png,ch2_ohr_ncp_20200229T0938004033.csv,1200,9369,42.457137,43.031644,-73.9204047,-73.0713837,113498,OK
ch2_ohr_ncp_20200824T0806596861.png,ch2_ohr_ncp_20200824T0806596861.csv,1200,9015,56.5804346,56.8719018,-62.4417055,-61.6044579,109263,OK
ch2_ohr_ncp_20200824T1003365280.png,ch2_ohr_ncp_20200824T1003365280.csv,1200,9369,56.5770474,56.9029364,-62.4900453,-61.657424,113498,OK
ch2_ohr_ncp_20200825T1127278043.png,ch2_ohr_ncp_20200825T1127278043.csv,1200,9369,41.1413342,41.4820446,-69.1974954,-68.3598198,113498,OK
ch2_ohr_ncp_20220713T1223352463.png,ch2_ohr_ncp_20220713T1223352463.csv,1200,9197,342.558116,342.878186,-69.9851955,-69.1474964,111441,OK
ch2_ohr_ncp_20230302T1800381020.png,ch2_ohr_ncp_20230302T1800381020.csv,1200,9369,342.81392,343.116416,-69.5769424,-68.7361725,113498,OK
ch2_ohr_ncp_20230302T1959073730.png,ch2_ohr_ncp_20230302T1959073730.csv,1200,9369,342.777027,343.110211,-69.5362163,-68.6932504,113498,OK
ch2_ohr_ncp_20230302T2156293910.png,ch2_ohr_ncp_20230302T2156293910.csv,1200,9369,342.515291,342.880967,-69.521299,-68.68382,113498,OK
ch2_ohr_ncp_20230302T2354544015.png,ch2_ohr_ncp_20230302T2354544015.csv,1200,9369,342.483432,342.898171,-69.6346103,-68.7961946,113498,OK
ch2_ohr_ncp_20250301T0406349947.png,ch2_ohr_ncp_20250301T0406349947.csv,1200,10107,174.222107,250.582068,-89.6119489,-89.11116,122452,OK
ch2_ohr_ncp_20250301T0802459739.png,ch2_ohr_ncp_20250301T0802459739.csv,1200,10107,185.0537,251.410107,-89.6187151,-89.0379649,122452,OK
ch2_ohr_ncp_20250302T0343544160.png,ch2_ohr_ncp_20250302T0343544160.csv,1200,10107,149.425938,242.25783,-89.7048998,-89.1988462,122452,OK
ch2_ohr_ncp_20250302T0542319797.png,ch2_ohr_ncp_20250302T0542319797.csv,1200,9434,162.434186,242.295895,-89.7089751,-89.1779269,114345,OK
ch2_ohr_ncp_20250302T0740081828.png,ch2_ohr_ncp_20250302T0740081828.csv,1200,10107,141.384748,239.975561,-89.7168477,-89.2327618,122452,OK
ch2_ohr_ncp_20250302T0938436809.png,ch2_ohr_ncp_20250302T0938436809.csv,1200,10107,175.280058,244.179511,-89.720887,-89.0574066,122452,OK
ch2_ohr_ncp_20250303T0519189364.png,ch2_ohr_ncp_20250303T0519189364.csv,1200,10107,142.893574,236.773669,-89.8010857,-89.1685347,122452,OK
ch2_ohr_ncp_20250303T0915317317.png,ch2_ohr_ncp_20250303T0915317317.csv,1200,10107,124.770539,234.812719,-89.8184654,-89.2274147,122452,OK
ch2_ohr_ncp_20250303T1114102638.png,ch2_ohr_ncp_20250303T1114102638.csv,1200,10107,134.160473,236.150528,-89.8382942,-89.1886046,122452,OK
ch2_ohr_ncp_20250304T0456267027.png,ch2_ohr_ncp_20250304T0456267027.csv,1200,6934,204.980543,232.928794,-89.7236747,-89.1314774,84095,OK
ch2_ohr_ncp_20250304T0456267435.png,ch2_ohr_ncp_20250304T0456267435.csv,1200,10107,147.892005,232.918775,-89.922565,-89.1329588,122452,OK
ch2_ohr_ncp_20250304T0655103610.png,ch2_ohr_ncp_20250304T0655103610.csv,1200,10100,104.953501,233.187733,-89.9458274,-89.1953921,122452,OK
ch2_ohr_ncp_20250304T0655104076.png,ch2_ohr_ncp_20250304T0655104076.csv,1200,10100,112.265678,232.557618,-89.9366345,-89.1887508,122452,OK
ch2_ohr_ncp_20250304T1050453845.png,ch2_ohr_ncp_20250304T1050453845.csv,1200,10107,102.072361,232.376031,-89.9645865,-89.1726536,122452,OK
ch2_ohr_ncp_20250304T1249251285.png,ch2_ohr_ncp_20250304T1249251285.csv,1200,10107,139.710728,232.139754,-89.9758367,-89.1533973,122452,OK
ch2_ohr_ncp_20250927T0511182400.png,ch2_ohr_ncp_20250927T0511182400.csv,1200,9197,31.8973362,33.3790323,-84.745954,-83.8975667,111441,OK
ch2_ohr_ncp_20250927T0709454427.png,ch2_ohr_ncp_20250927T0709454427.csv,1200,9014,31.9669084,33.4085831,-84.7801921,-83.9327332,109263,OK
ch2_ohr_ncp_20251007T0502258606.png,ch2_ohr_ncp_20251007T0502258606.csv,1200,10107,167.021869,243.311717,-89.7194296,-89.1018288,122452,OK
ch2_ohr_ncp_20251007T0659402125.png,ch2_ohr_ncp_20251007T0659402125.csv,1200,10107,168.657921,242.771317,-89.7233562,-89.0813479,122452,OK
ch2_ohr_ncp_20251007T0858226401.png,ch2_ohr_ncp_20251007T0858226401.csv,1200,10107,154.712943,240.740321,-89.7299369,-89.1504278,122452,OK
ch2_ohr_ncp_20251008T0635142374.png,ch2_ohr_ncp_20251008T0635142374.csv,1200,10107,155.878149,236.389427,-89.8249981,-89.1074561,122452,OK
ch2_ohr_ncp_20251008T0833557529.png,ch2_ohr_ncp_20251008T0833557529.csv,1200,10107,157.013013,236.176022,-89.8345797,-89.1115462,122452,OK
ch2_ohr_ncp_20251009T0610398495.png,ch2_ohr_ncp_20251009T0610398495.csv,1200,10186,165.333309,231.304663,-89.9250534,-89.0709927,123420,OK
ch2_ohr_ncp_20251009T0809201861.png,ch2_ohr_ncp_20251009T0809201861.csv,1200,10107,170.047243,230.901065,-89.8986057,-89.0608204,122452,OK
ch2_ohr_ncp_20251009T1006356898.png,ch2_ohr_ncp_20251009T1006356898.csv,1200,10107,156.174781,230.323173,-89.9567996,-89.1070737,122452,OK
ch2_ohr_ncp_20251009T1205142094.png,ch2_ohr_ncp_20251009T1205142094.csv,1200,10107,169.534354,230.226934,-89.9150724,-89.069587,122452,OK
ch2_ohr_ncp_20251010T0546128401.png,ch2_ohr_ncp_20251010T0546128401.csv,1200,10107,162.040615,303.296918,-89.9811145,-89.1281917,122452,OK
ch2_ohr_ncp_20251010T0744419602.png,ch2_ohr_ncp_20251010T0744419602.csv,1200,10107,7.13384637,337.720155,-89.999483,-89.139721,122452,OK
ch2_ohr_ncp_20251010T0942085687.png,ch2_ohr_ncp_20251010T0942085687.csv,1200,10107,0.00719625594,359.993616,-89.9996277,-89.2198948,122452,OK
ch2_ohr_ncp_20251010T1140338327.png,ch2_ohr_ncp_20251010T1140338327.csv,1200,10107,197.080059,286.002507,-89.9696088,-89.1031766,122452,OK
ch2_ohr_ncp_20251012T0458211001.png,ch2_ohr_ncp_20251012T0458211001.csv,1200,10107,30.8180929,34.1764179,-84.5966142,-83.763994,122452,OK
ch2_ohr_ncp_20251012T0656599480.png,ch2_ohr_ncp_20251012T0656599480.csv,1200,10107,30.7701815,34.2463948,-84.5910951,-83.7578391,122452,OK
ch2_ohr_ncp_20251012T0854096111.png,ch2_ohr_ncp_20251012T0854096111.csv,1200,10107,30.8828257,34.5832643,-84.6595103,-83.831513,122452,OK
ch2_ohr_ncp_20251012T1052484934.png,ch2_ohr_ncp_20251012T1052484934.csv,1200,10107,30.6765734,34.4617329,-84.6090657,-83.7856257,122452,OK
ch2_ohr_ncp_20251013T0037253481.png,ch2_ohr_ncp_20251013T0037253481.csv,1200,10107,22.7171675,27.0018706,-85.320497,-84.4959645,122452,OK
ch2_ohr_ncp_20251013T0236029082.png,ch2_ohr_ncp_20251013T0236029082.csv,1200,10106,22.5527686,26.9530678,-85.3011461,-84.4798203,122452,OK
ch2_ohr_ncp_20251013T0433173959.png,ch2_ohr_ncp_20251013T0433173959.csv,1200,10107,22.4857858,27.051947,-85.3098022,-84.4906165,122452,OK
ch2_ohr_ncp_20251013T0631536834.png,ch2_ohr_ncp_20251013T0631536834.csv,1200,10107,22.4575589,27.2161847,-85.3262032,-84.5152353,122452,OK
ch2_ohr_ncp_20251104T0518276959.png,ch2_ohr_ncp_20251104T0518276959.csv,1200,10107,179.216452,239.72197,-89.7550772,-89.0091992,122452,OK
ch2_ohr_ncp_20251104T0717071840.png,ch2_ohr_ncp_20251104T0717071840.csv,1200,10107,162.563136,239.399286,-89.7990994,-89.0996862,122452,OK
ch2_ohr_ncp_20251104T0914218869.png,ch2_ohr_ncp_20251104T0914218869.csv,1200,10107,179.612732,239.397306,-89.7808687,-89.0121685,122452,OK
ch2_ohr_ncp_20251104T1113026401.png,ch2_ohr_ncp_20251104T1113026401.csv,1200,10107,155.509761,237.481399,-89.8083209,-89.1251708,122452,OK
ch2_ohr_ncp_20251105T0453488297.png,ch2_ohr_ncp_20251105T0453488297.csv,1200,10107,163.401445,233.91876,-89.8906845,-89.0832215,122452,OK
ch2_ohr_ncp_20251105T0652329256.png,ch2_ohr_ncp_20251105T0652329256.csv,1200,10107,154.251331,233.700042,-89.9040403,-89.10876,122452,OK
ch2_ohr_ncp_20251105T0849435342.png,ch2_ohr_ncp_20251105T0849435342.csv,1200,10107,128.699355,232.534275,-89.9148029,-89.148465,122452,OK
ch2_ohr_ncp_20251105T1048273563.png,ch2_ohr_ncp_20251105T1048273563.csv,1200,10107,113.836622,232.100937,-89.9256126,-89.1905476,122452,OK
ch2_ohr_ncp_20251108T1528478395.png,ch2_ohr_ncp_20251108T1528478395.csv,1200,10107,30.5817828,33.9906144,-84.5142757,-83.6838244,122452,OK
ch2_ohr_ncp_20251108T1528478464.png,ch2_ohr_ncp_20251108T1528478464.csv,1200,10107,30.58088,33.989377,-84.5139336,-83.6834797,122452,OK
ch2_ohr_ncp_20251108T1727303521.png,ch2_ohr_ncp_20251108T1727303521.csv,1200,10107,30.3506941,33.8735039,-84.5211182,-83.6865497,122452,OK
ch2_ohr_ncp_20251108T1727303562.png,ch2_ohr_ncp_20251108T1727303562.csv,1200,10107,30.3501468,33.8727572,-84.5209235,-83.6863531,122452,OK
ch2_ohr_ncp_20251108T1924377926.png,ch2_ohr_ncp_20251108T1924377926.csv,1200,10107,29.8099556,33.3693505,-84.4653868,-83.6371109,122452,OK
ch2_ohr_ncp_20251108T2123191997.png,ch2_ohr_ncp_20251108T2123191997.csv,1200,10107,29.7620079,33.4885968,-84.4804246,-83.6542729,122452,OK
ch2_ohr_ncp_20251108T2123192047.png,ch2_ohr_ncp_20251108T2123192047.csv,1200,10107,29.7612447,33.4875941,-84.4801839,-83.6540215,122452,OK
ch2_ohr_ncp_20251109T0909533586.png,ch2_ohr_ncp_20251109T0909533586.csv,1200,6527,23.214544,26.3259265,-85.1558573,-84.6126639,79134,OK
ch2_ohr_ncp_20251109T0909533595.png,ch2_ohr_ncp_20251109T0909533595.csv,1200,10106,22.2549039,26.3040991,-85.1454793,-84.3199028,122452,OK
ch2_ohr_ncp_20251109T1108358496.png,ch2_ohr_ncp_20251109T1108358496.csv,1200,1675,24.4715168,26.1105221,-85.0979752,-84.9311218,20449,OK
ch2_ohr_ncp_20251109T1108358871.png,ch2_ohr_ncp_20251109T1108358871.csv,1200,10105,21.9797918,26.1096078,-85.097783,-84.2698415,122452,OK
ch2_ohr_ncp_20251109T1305444583.png,ch2_ohr_ncp_20251109T1305444583.csv,1200,7376,22.3658036,25.8406305,-85.1149418,-84.5064534,89419,OK
ch2_ohr_ncp_20251109T1504259907.png,ch2_ohr_ncp_20251109T1504259907.csv,1200,9993,21.4143291,25.7417881,-85.0754647,-84.2644566,121121,OK
ch2_ohr_ncp_20251109T1504259954.png,ch2_ohr_ncp_20251109T1504259954.csv,1200,10106,21.3815632,25.7405794,-85.0752274,-84.2553708,122452,OK
ch2_ohr_ncp_20251109T1504259978.png,ch2_ohr_ncp_20251109T1504259978.csv,1200,10106,21.3812172,25.7400965,-85.0751324,-84.2552742,122452,OK
