pair_id,pair_name,condition_code,representation_name,preprocessing_params,source_valid_pixel_pct,ref_valid_pixel_pct,matcher_source_dims,matcher_ref_dims,raw_candidates,valid_candidates,masked_filtered_candidates,initial_inliers,initial_inlier_ratio_pct,passes_quality_gate,spatial_selection,spatial_occupancy,final_inliers,fit_rmse_px,held_out_rmse_px,status,status_detail,runtime_s
OHRC_PAIR_01,OHRC Pair 1,CURRENT_BASELINE,Current Baseline (CLAHE),"clipLimit=2.0, tileGridSize=(8, 8)",100.0,100.0,205x1600 px,1586x1135 px,137,137,0,5,3.65,False,BYPASSED,NOT EVALUATED,0,N/A,N/A,SAFE REJECTION,"Below quality gate (Init inliers: 5/8, Ratio: 3.65%/20%)",49.21
OHRC_PAIR_01,OHRC Pair 1,HISTOGRAM_NORMALIZED,Histogram Normalized,"percentile_clip=(1, 99), cv2.equalizeHist",100.0,100.0,205x1600 px,1586x1135 px,140,140,0,5,3.57,False,BYPASSED,NOT EVALUATED,0,N/A,N/A,SAFE REJECTION,"Below quality gate (Init inliers: 5/8, Ratio: 3.57%/20%)",37.28
OHRC_PAIR_01,OHRC Pair 1,GRADIENT_MAGNITUDE,Sobel Gradient Magnitude,"Sobel(ksize=3), norm=percentile_99_uint8",100.0,100.0,205x1600 px,1586x1135 px,177,177,0,6,3.39,False,BYPASSED,NOT EVALUATED,0,N/A,N/A,SAFE REJECTION,"Below quality gate (Init inliers: 6/8, Ratio: 3.39%/20%)",36.37
OHRC_PAIR_01,OHRC Pair 1,LOCAL_GRADIENT_NORMALIZED,Local Gradient Normalized,"Sobel(ksize=3), local_blur=31x31(sigma=5.0), norm=percentile_99_uint8",100.0,100.0,205x1600 px,1586x1135 px,244,244,0,6,2.46,False,BYPASSED,NOT EVALUATED,0,N/A,N/A,SAFE REJECTION,"Below quality gate (Init inliers: 6/8, Ratio: 2.46%/20%)",35.99
OHRC_PAIR_01,OHRC Pair 1,ILLUMINATION_NORMALIZED,Illumination Field Normalized,"lowpass=63x63(sigma=16.0), ratio_stretch=(1, 99), CLAHE(2.0, (8, 8))",100.0,100.0,205x1600 px,1586x1135 px,162,162,0,5,3.09,False,BYPASSED,NOT EVALUATED,0,N/A,N/A,SAFE REJECTION,"Below quality gate (Init inliers: 5/8, Ratio: 3.09%/20%)",36.35
OHRC_PAIR_01,OHRC Pair 1,SHADOW_AWARE,Shadow-Aware Masked,"shadow_thresh=12, morph_open=3x3, CLAHE(2.0, (8, 8)), shadow_cand_filter=True",34.63,75.58,205x1600 px,1586x1135 px,137,113,24,5,4.42,False,BYPASSED,NOT EVALUATED,0,N/A,N/A,SAFE REJECTION,"Below quality gate (Init inliers: 5/8, Ratio: 4.42%/20%)",36.43
OHRC_PAIR_02,OHRC Pair 2,CURRENT_BASELINE,Current Baseline (CLAHE),"clipLimit=2.0, tileGridSize=(8, 8)",100.0,100.0,205x1600 px,661x1600 px,221,221,0,5,2.26,False,BYPASSED,NOT EVALUATED,0,N/A,N/A,SAFE REJECTION,"Below quality gate (Init inliers: 5/8, Ratio: 2.26%/20%)",23.16
OHRC_PAIR_02,OHRC Pair 2,HISTOGRAM_NORMALIZED,Histogram Normalized,"percentile_clip=(1, 99), cv2.equalizeHist",100.0,100.0,205x1600 px,661x1600 px,219,219,0,5,2.28,False,BYPASSED,NOT EVALUATED,0,N/A,N/A,SAFE REJECTION,"Below quality gate (Init inliers: 5/8, Ratio: 2.28%/20%)",22.92
OHRC_PAIR_02,OHRC Pair 2,GRADIENT_MAGNITUDE,Sobel Gradient Magnitude,"Sobel(ksize=3), norm=percentile_99_uint8",100.0,100.0,205x1600 px,661x1600 px,262,262,0,6,2.29,False,BYPASSED,NOT EVALUATED,0,N/A,N/A,SAFE REJECTION,"Below quality gate (Init inliers: 6/8, Ratio: 2.29%/20%)",23.16
OHRC_PAIR_02,OHRC Pair 2,LOCAL_GRADIENT_NORMALIZED,Local Gradient Normalized,"Sobel(ksize=3), local_blur=31x31(sigma=5.0), norm=percentile_99_uint8",100.0,100.0,205x1600 px,661x1600 px,357,357,0,7,1.96,False,BYPASSED,NOT EVALUATED,0,N/A,N/A,SAFE REJECTION,"Below quality gate (Init inliers: 7/8, Ratio: 1.96%/20%)",23.01
OHRC_PAIR_02,OHRC Pair 2,ILLUMINATION_NORMALIZED,Illumination Field Normalized,"lowpass=63x63(sigma=16.0), ratio_stretch=(1, 99), CLAHE(2.0, (8, 8))",100.0,100.0,205x1600 px,661x1600 px,240,240,0,6,2.5,False,BYPASSED,NOT EVALUATED,0,N/A,N/A,SAFE REJECTION,"Below quality gate (Init inliers: 6/8, Ratio: 2.50%/20%)",22.67
OHRC_PAIR_02,OHRC Pair 2,SHADOW_AWARE,Shadow-Aware Masked,"shadow_thresh=12, morph_open=3x3, CLAHE(2.0, (8, 8)), shadow_cand_filter=True",50.84,83.07,205x1600 px,661x1600 px,221,115,106,5,4.35,False,BYPASSED,NOT EVALUATED,0,N/A,N/A,SAFE REJECTION,"Below quality gate (Init inliers: 5/8, Ratio: 4.35%/20%)",23.12
OHRC_PAIR_03,OHRC Pair 3,CURRENT_BASELINE,Current Baseline (CLAHE),"clipLimit=2.0, tileGridSize=(8, 8)",100.0,100.0,190x1600 px,612x1600 px,161,161,0,5,3.11,False,BYPASSED,NOT EVALUATED,0,N/A,N/A,SAFE REJECTION,"Below quality gate (Init inliers: 5/8, Ratio: 3.11%/20%)",20.75
OHRC_PAIR_03,OHRC Pair 3,HISTOGRAM_NORMALIZED,Histogram Normalized,"percentile_clip=(1, 99), cv2.equalizeHist",100.0,100.0,190x1600 px,612x1600 px,111,111,0,5,4.5,False,BYPASSED,NOT EVALUATED,0,N/A,N/A,SAFE REJECTION,"Below quality gate (Init inliers: 5/8, Ratio: 4.50%/20%)",20.68
OHRC_PAIR_03,OHRC Pair 3,GRADIENT_MAGNITUDE,Sobel Gradient Magnitude,"Sobel(ksize=3), norm=percentile_99_uint8",100.0,100.0,190x1600 px,612x1600 px,196,196,0,7,3.57,False,BYPASSED,NOT EVALUATED,0,N/A,N/A,SAFE REJECTION,"Below quality gate (Init inliers: 7/8, Ratio: 3.57%/20%)",20.92
OHRC_PAIR_03,OHRC Pair 3,LOCAL_GRADIENT_NORMALIZED,Local Gradient Normalized,"Sobel(ksize=3), local_blur=31x31(sigma=5.0), norm=percentile_99_uint8",100.0,100.0,190x1600 px,612x1600 px,277,277,0,18,6.5,False,BYPASSED,NOT EVALUATED,0,N/A,N/A,SAFE REJECTION,"Below quality gate (Init inliers: 18/8, Ratio: 6.50%/20%)",21.26
OHRC_PAIR_03,OHRC Pair 3,ILLUMINATION_NORMALIZED,Illumination Field Normalized,"lowpass=63x63(sigma=16.0), ratio_stretch=(1, 99), CLAHE(2.0, (8, 8))",100.0,100.0,190x1600 px,612x1600 px,164,164,0,5,3.05,False,BYPASSED,NOT EVALUATED,0,N/A,N/A,SAFE REJECTION,"Below quality gate (Init inliers: 5/8, Ratio: 3.05%/20%)",20.73
OHRC_PAIR_03,OHRC Pair 3,SHADOW_AWARE,Shadow-Aware Masked,"shadow_thresh=12, morph_open=3x3, CLAHE(2.0, (8, 8)), shadow_cand_filter=True",22.88,81.83,190x1600 px,612x1600 px,161,73,88,5,6.85,False,BYPASSED,NOT EVALUATED,0,N/A,N/A,SAFE REJECTION,"Below quality gate (Init inliers: 5/8, Ratio: 6.85%/20%)",21.37
OHRC_PAIR_04,OHRC Pair 4,CURRENT_BASELINE,Current Baseline (CLAHE),"clipLimit=2.0, tileGridSize=(8, 8)",100.0,100.0,190x1600 px,801x1600 px,98,98,0,5,5.1,False,BYPASSED,NOT EVALUATED,0,N/A,N/A,SAFE REJECTION,"Below quality gate (Init inliers: 5/8, Ratio: 5.10%/20%)",25.69
OHRC_PAIR_04,OHRC Pair 4,HISTOGRAM_NORMALIZED,Histogram Normalized,"percentile_clip=(1, 99), cv2.equalizeHist",100.0,100.0,190x1600 px,801x1600 px,86,86,0,5,5.81,False,BYPASSED,NOT EVALUATED,0,N/A,N/A,SAFE REJECTION,"Below quality gate (Init inliers: 5/8, Ratio: 5.81%/20%)",25.55
OHRC_PAIR_04,OHRC Pair 4,GRADIENT_MAGNITUDE,Sobel Gradient Magnitude,"Sobel(ksize=3), norm=percentile_99_uint8",100.0,100.0,190x1600 px,801x1600 px,135,135,0,6,4.44,False,BYPASSED,NOT EVALUATED,0,N/A,N/A,SAFE REJECTION,"Below quality gate (Init inliers: 6/8, Ratio: 4.44%/20%)",26.08
OHRC_PAIR_04,OHRC Pair 4,LOCAL_GRADIENT_NORMALIZED,Local Gradient Normalized,"Sobel(ksize=3), local_blur=31x31(sigma=5.0), norm=percentile_99_uint8",100.0,100.0,190x1600 px,801x1600 px,206,206,0,6,2.91,False,BYPASSED,NOT EVALUATED,0,N/A,N/A,SAFE REJECTION,"Below quality gate (Init inliers: 6/8, Ratio: 2.91%/20%)",25.53
OHRC_PAIR_04,OHRC Pair 4,ILLUMINATION_NORMALIZED,Illumination Field Normalized,"lowpass=63x63(sigma=16.0), ratio_stretch=(1, 99), CLAHE(2.0, (8, 8))",100.0,100.0,190x1600 px,801x1600 px,143,143,0,5,3.5,False,BYPASSED,NOT EVALUATED,0,N/A,N/A,SAFE REJECTION,"Below quality gate (Init inliers: 5/8, Ratio: 3.50%/20%)",25.12
OHRC_PAIR_04,OHRC Pair 4,SHADOW_AWARE,Shadow-Aware Masked,"shadow_thresh=12, morph_open=3x3, CLAHE(2.0, (8, 8)), shadow_cand_filter=True",25.21,58.98,190x1600 px,801x1600 px,98,55,43,5,9.09,False,BYPASSED,NOT EVALUATED,0,N/A,N/A,SAFE REJECTION,"Below quality gate (Init inliers: 5/8, Ratio: 9.09%/20%)",25.62
