Seed,Method,Training Points,Check Points,Fit RMSE,Check RMSE,Check Mean Error,Check Median Error,Check Max Error,Final Inlier Count,Final Inlier Ratio,Spatial Occupancy,Spatial CV,Runtime
1,Variant A — Random 40 Baseline,40,14,1.108,1.4073,1.2271,1.121,2.7417,40,1.0,1.0,0.728,48.44
1,Variant B — Quality Only,40,14,0.0792,1.3669,1.1753,0.9915,2.8432,40,1.0,0.6667,0.9374,48.44
1,Variant C — Quality + 3×3 Spatial Selection,40,14,0.2228,1.3612,1.1743,1.0225,2.8247,40,1.0,1.0,0.1118,48.45
2,Variant A — Random 40 Baseline,40,14,1.1277,1.2525,1.1327,0.9999,2.2481,40,1.0,1.0,0.6374,48.44
2,Variant B — Quality Only,40,14,0.0792,1.4471,1.2361,1.1632,2.7405,40,1.0,0.6667,0.9374,48.44
2,Variant C — Quality + 3×3 Spatial Selection,40,14,0.2228,1.4036,1.1988,1.1293,2.6162,40,1.0,1.0,0.1118,48.45
3,Variant A — Random 40 Baseline,40,14,1.1156,1.425,1.2602,1.3727,2.3107,40,1.0,0.7778,0.728,48.44
3,Variant B — Quality Only,40,14,0.0792,1.2911,1.0807,1.1453,2.3375,40,1.0,0.6667,0.9374,48.44
3,Variant C — Quality + 3×3 Spatial Selection,40,14,0.2228,1.2922,1.0834,1.0728,2.3207,40,1.0,1.0,0.1118,48.45
4,Variant A — Random 40 Baseline,40,14,0.7428,1.4049,1.2228,1.1343,2.342,39,0.975,0.7778,0.728,48.44
4,Variant B — Quality Only,40,14,0.0792,1.3208,1.1871,1.1185,2.2492,40,1.0,0.6667,0.9374,48.44
4,Variant C — Quality + 3×3 Spatial Selection,40,14,0.2228,1.3011,1.1688,0.9336,2.1223,40,1.0,1.0,0.1118,48.45
5,Variant A — Random 40 Baseline,40,14,1.0617,1.4779,1.3463,1.2921,2.3923,40,1.0,1.0,0.5916,48.44
5,Variant B — Quality Only,40,14,0.0792,1.5702,1.3608,1.3533,2.7405,40,1.0,0.6667,0.9374,48.44
5,Variant C — Quality + 3×3 Spatial Selection,40,14,0.2228,1.56,1.3616,1.3033,2.6162,40,1.0,1.0,0.1118,48.45
