condition_name,match_index,pt_src_x,pt_src_y,pt_ref_est_x,pt_ref_est_y,pt_ref_gt_x,pt_ref_gt_y,localization_error_px,error_bin,cell_row,cell_col
trans_pos025_pos040,0,103.019,95.094,102.928,94.929,102.769,94.694,0.2837,<= 0.50 px,0,0
trans_pos025_pos040,1,55.472,15.849,55.379,15.7,55.222,15.449,0.2961,<= 0.50 px,0,0
trans_pos025_pos040,2,63.396,87.17,63.301,86.982,63.146,86.77,0.2627,<= 0.50 px,0,0
trans_pos025_pos040,3,103.019,15.849,102.948,15.677,102.769,15.449,0.29,<= 0.50 px,0,0
trans_pos025_pos040,4,87.17,87.17,87.075,87.023,86.92,86.77,0.2966,<= 0.50 px,0,0
trans_pos025_pos040,5,103.019,63.396,102.943,63.248,102.769,62.996,0.3057,<= 0.50 px,0,0
trans_pos025_pos040,6,245.66,126.792,245.57,126.615,245.41,126.392,0.2737,<= 0.50 px,0,1
trans_pos025_pos040,7,190.189,71.321,190.105,71.156,189.939,70.921,0.2882,<= 0.50 px,0,1
trans_pos025_pos040,8,158.491,63.396,158.395,63.231,158.241,62.996,0.2811,<= 0.50 px,0,1
trans_pos025_pos040,9,213.962,39.623,213.877,39.468,213.712,39.223,0.295,<= 0.50 px,0,1
trans_pos025_pos040,10,166.415,79.245,166.324,79.088,166.165,78.845,0.2901,<= 0.50 px,0,1
trans_pos025_pos040,11,221.887,118.868,221.807,118.675,221.637,118.468,0.2683,<= 0.50 px,0,1
trans_pos025_pos040,12,348.679,23.774,348.592,23.603,348.429,23.374,0.2817,<= 0.50 px,0,2
trans_pos025_pos040,13,277.358,134.717,277.265,134.544,277.108,134.317,0.276,<= 0.50 px,0,2
trans_pos025_pos040,14,340.755,47.547,340.672,47.358,340.505,47.147,0.2692,<= 0.50 px,0,2
trans_pos025_pos040,15,324.906,87.17,324.815,86.979,324.656,86.77,0.2631,<= 0.50 px,0,2
trans_pos025_pos040,16,293.208,95.094,293.106,94.919,292.958,94.694,0.2694,<= 0.50 px,0,2
trans_pos025_pos040,17,372.453,118.868,372.372,118.704,372.203,118.468,0.291,<= 0.50 px,0,2
trans_pos025_pos040,18,95.094,221.887,95.009,221.698,94.844,221.487,0.2678,<= 0.50 px,1,0
trans_pos025_pos040,19,110.943,198.113,110.852,197.933,110.693,197.713,0.271,<= 0.50 px,1,0
trans_pos025_pos040,20,103.019,221.887,102.936,221.705,102.769,221.487,0.2749,<= 0.50 px,1,0
trans_pos025_pos040,21,47.547,206.038,47.454,205.85,47.297,205.638,0.2643,<= 0.50 px,1,0
trans_pos025_pos040,22,39.623,245.66,39.538,245.48,39.373,245.26,0.2751,<= 0.50 px,1,0
trans_pos025_pos040,23,39.623,261.509,39.549,261.318,39.373,261.109,0.2726,<= 0.50 px,1,0
trans_pos025_pos040,24,150.566,261.509,150.478,261.315,150.316,261.109,0.2618,<= 0.50 px,1,1
trans_pos025_pos040,25,150.566,229.811,150.489,229.617,150.316,229.411,0.269,<= 0.50 px,1,1
trans_pos025_pos040,26,174.34,182.264,174.244,182.074,174.09,181.864,0.2607,<= 0.50 px,1,1
trans_pos025_pos040,27,229.811,277.358,229.722,277.169,229.561,276.958,0.2646,<= 0.50 px,1,1
trans_pos025_pos040,28,221.887,190.189,221.786,190.003,221.637,189.789,0.2612,<= 0.50 px,1,1
trans_pos025_pos040,29,190.189,206.038,190.088,205.85,189.939,205.638,0.2594,<= 0.50 px,1,1
trans_pos025_pos040,30,348.679,198.113,348.584,197.926,348.429,197.713,0.2633,<= 0.50 px,1,2
trans_pos025_pos040,31,348.679,190.189,348.582,189.998,348.429,189.789,0.2593,<= 0.50 px,1,2
trans_pos025_pos040,32,340.755,182.264,340.661,182.06,340.505,181.864,0.2503,<= 0.50 px,1,2
trans_pos025_pos040,33,277.358,221.887,277.279,221.68,277.108,221.487,0.2575,<= 0.50 px,1,2
trans_pos025_pos040,34,269.434,229.811,269.355,229.636,269.184,229.411,0.2821,<= 0.50 px,1,2
trans_pos025_pos040,35,277.358,269.434,277.289,269.238,277.108,269.034,0.2725,<= 0.50 px,1,2
trans_pos025_pos040,36,79.245,285.283,79.162,285.09,78.995,284.883,0.2661,<= 0.50 px,2,0
trans_pos025_pos040,37,126.792,332.83,126.7,332.623,126.542,332.43,0.2492,<= 0.25 px,2,0
trans_pos025_pos040,38,31.698,332.83,31.606,332.622,31.448,332.43,0.2479,<= 0.25 px,2,0
trans_pos025_pos040,39,95.094,380.377,95.023,380.161,94.844,379.977,0.2561,<= 0.50 px,2,0
trans_pos025_pos040,40,63.396,356.604,63.325,356.388,63.146,356.204,0.2573,<= 0.50 px,2,0
trans_pos025_pos040,41,63.396,364.528,63.303,364.324,63.146,364.128,0.2504,<= 0.50 px,2,0
trans_pos025_pos040,42,198.113,364.528,198.034,364.307,197.863,364.128,0.2474,<= 0.25 px,2,1
trans_pos025_pos040,43,253.585,396.226,253.478,395.996,253.335,395.826,0.2214,<= 0.25 px,2,1
trans_pos025_pos040,44,245.66,388.302,245.579,388.061,245.41,387.902,0.2315,<= 0.25 px,2,1
trans_pos025_pos040,45,261.509,348.679,261.401,348.459,261.259,348.279,0.2289,<= 0.25 px,2,1
trans_pos025_pos040,46,134.717,372.453,134.645,372.251,134.467,372.053,0.2666,<= 0.50 px,2,1
trans_pos025_pos040,47,142.642,340.755,142.54,340.556,142.392,340.355,0.2503,<= 0.50 px,2,1
trans_pos025_pos040,48,364.528,396.226,364.433,395.994,364.278,395.826,0.2282,<= 0.25 px,2,2
trans_pos025_pos040,49,364.528,301.132,364.436,300.925,364.278,300.732,0.2488,<= 0.25 px,2,2
trans_pos025_pos040,50,332.83,348.679,332.739,348.454,332.58,348.279,0.2359,<= 0.25 px,2,2
trans_pos025_pos040,51,277.358,316.981,277.261,316.767,277.108,316.581,0.2403,<= 0.25 px,2,2
trans_pos025_pos040,52,277.358,348.679,277.259,348.475,277.108,348.279,0.2474,<= 0.25 px,2,2
trans_pos025_pos040,53,277.358,293.208,277.281,292.989,277.108,292.808,0.2502,<= 0.50 px,2,2
trans_neg030_pos055,0,23.774,63.396,23.899,63.084,24.074,62.846,0.2949,<= 0.50 px,0,0
trans_neg030_pos055,1,31.698,118.868,31.819,118.562,31.998,118.318,0.3027,<= 0.50 px,0,0
trans_neg030_pos055,2,95.094,118.868,95.21,118.531,95.394,118.318,0.2822,<= 0.50 px,0,0
trans_neg030_pos055,3,47.547,126.792,47.671,126.492,47.847,126.242,0.306,<= 0.50 px,0,0
trans_neg030_pos055,4,63.396,126.792,63.529,126.452,63.696,126.242,0.2677,<= 0.50 px,0,0
trans_neg030_pos055,5,126.792,95.094,126.884,94.787,127.092,94.544,0.3199,<= 0.50 px,0,0
trans_neg030_pos055,6,198.113,47.547,198.216,47.235,198.413,46.997,0.309,<= 0.50 px,0,1
trans_neg030_pos055,7,142.642,31.698,142.761,31.379,142.942,31.148,0.2927,<= 0.50 px,0,1
trans_neg030_pos055,8,237.736,31.698,237.854,31.39,238.036,31.148,0.3027,<= 0.50 px,0,1
trans_neg030_pos055,9,206.038,95.094,206.159,94.767,206.338,94.544,0.2857,<= 0.50 px,0,1
trans_neg030_pos055,10,198.113,95.094,198.212,94.78,198.413,94.544,0.3099,<= 0.50 px,0,1
trans_neg030_pos055,11,237.736,134.717,237.862,134.398,238.036,134.167,0.2892,<= 0.50 px,0,1
trans_neg030_pos055,12,277.358,23.774,277.482,23.452,277.658,23.224,0.2885,<= 0.50 px,0,2
trans_neg030_pos055,13,301.132,23.774,301.261,23.448,301.432,23.224,0.2823,<= 0.50 px,0,2
trans_neg030_pos055,14,324.906,103.019,325.033,102.708,325.206,102.469,0.2947,<= 0.50 px,0,2
trans_neg030_pos055,15,340.755,47.547,340.871,47.21,341.055,46.997,0.2811,<= 0.50 px,0,2
trans_neg030_pos055,16,364.528,15.849,364.667,15.507,364.828,15.299,0.2632,<= 0.50 px,0,2
trans_neg030_pos055,17,269.434,103.019,269.561,102.715,269.734,102.469,0.3006,<= 0.50 px,0,2
trans_neg030_pos055,18,31.698,190.189,31.827,189.851,31.998,189.639,0.2727,<= 0.50 px,1,0
trans_neg030_pos055,19,31.698,198.113,31.822,197.779,31.998,197.563,0.2786,<= 0.50 px,1,0
trans_neg030_pos055,20,47.547,253.585,47.686,253.221,47.847,253.035,0.2461,<= 0.25 px,1,0
trans_neg030_pos055,21,15.849,174.34,15.965,174.016,16.149,173.79,0.2919,<= 0.50 px,1,0
trans_neg030_pos055,22,79.245,277.358,79.369,277.023,79.545,276.808,0.2777,<= 0.50 px,1,0
trans_neg030_pos055,23,31.698,158.491,31.844,158.146,31.998,157.941,0.2567,<= 0.50 px,1,0
trans_neg030_pos055,24,261.509,213.962,261.622,213.626,261.809,213.412,0.2839,<= 0.50 px,1,1
trans_neg030_pos055,25,158.491,166.415,158.605,166.081,158.791,165.865,0.2846,<= 0.50 px,1,1
trans_neg030_pos055,26,134.717,261.509,134.834,261.174,135.017,260.959,0.2817,<= 0.50 px,1,1
trans_neg030_pos055,27,253.585,245.66,253.705,245.338,253.885,245.11,0.2905,<= 0.50 px,1,1
trans_neg030_pos055,28,253.585,190.189,253.699,189.881,253.885,189.639,0.305,<= 0.50 px,1,1
trans_neg030_pos055,29,166.415,142.642,166.51,142.305,166.715,142.092,0.2959,<= 0.50 px,1,1
trans_neg030_pos055,30,348.679,253.585,348.795,253.254,348.979,253.035,0.2862,<= 0.50 px,1,2
trans_neg030_pos055,31,301.132,166.415,301.255,166.09,301.432,165.865,0.2866,<= 0.50 px,1,2
trans_neg030_pos055,32,301.132,261.509,301.222,261.167,301.432,260.959,0.2952,<= 0.50 px,1,2
trans_neg030_pos055,33,364.528,229.811,364.625,229.469,364.828,229.261,0.2903,<= 0.50 px,1,2
trans_neg030_pos055,34,372.453,150.566,372.59,150.252,372.753,150.016,0.287,<= 0.50 px,1,2
trans_neg030_pos055,35,372.453,158.491,372.564,158.188,372.753,157.941,0.311,<= 0.50 px,1,2
trans_neg030_pos055,36,103.019,285.283,103.152,284.919,103.319,284.733,0.2496,<= 0.25 px,2,0
trans_neg030_pos055,37,63.396,364.528,63.528,364.136,63.696,363.978,0.2306,<= 0.25 px,2,0
trans_neg030_pos055,38,95.094,364.528,95.237,364.155,95.394,363.978,0.2363,<= 0.25 px,2,0
trans_neg030_pos055,39,79.245,293.208,79.397,292.847,79.545,292.658,0.2402,<= 0.25 px,2,0
trans_neg030_pos055,40,110.943,396.226,111.074,395.848,111.243,395.676,0.2412,<= 0.25 px,2,0
trans_neg030_pos055,41,23.774,285.283,23.938,284.937,24.074,284.733,0.2449,<= 0.25 px,2,0
trans_neg030_pos055,42,206.038,301.132,206.141,300.772,206.338,300.582,0.2737,<= 0.50 px,2,1
trans_neg030_pos055,43,237.736,332.83,237.857,332.473,238.036,332.28,0.2626,<= 0.50 px,2,1
trans_neg030_pos055,44,229.811,388.302,229.908,387.929,230.111,387.752,0.2692,<= 0.50 px,2,1
trans_neg030_pos055,45,261.509,301.132,261.637,300.779,261.809,300.582,0.2612,<= 0.50 px,2,1
trans_neg030_pos055,46,182.264,301.132,182.377,300.797,182.564,300.582,0.2856,<= 0.50 px,2,1
trans_neg030_pos055,47,237.736,316.981,237.86,316.642,238.036,316.431,0.274,<= 0.50 px,2,1
trans_neg030_pos055,48,364.528,324.906,364.628,324.552,364.828,324.356,0.2806,<= 0.50 px,2,2
trans_neg030_pos055,49,348.679,316.981,348.786,316.637,348.979,316.431,0.2826,<= 0.50 px,2,2
trans_neg030_pos055,50,301.132,396.226,301.237,395.857,301.432,395.676,0.2656,<= 0.50 px,2,2
trans_neg030_pos055,51,340.755,380.377,340.841,379.998,341.055,379.827,0.2736,<= 0.50 px,2,2
trans_neg030_pos055,52,293.208,364.528,293.328,364.158,293.508,363.978,0.2538,<= 0.50 px,2,2
trans_neg030_pos055,53,348.679,356.604,348.757,356.245,348.979,356.054,0.2935,<= 0.50 px,2,2
trans_pos045_neg035,0,63.396,110.943,63.195,111.141,62.946,111.293,0.2917,<= 0.50 px,0,0
trans_pos045_neg035,1,103.019,47.547,102.812,47.764,102.569,47.897,0.2775,<= 0.50 px,0,0
trans_pos045_neg035,2,23.774,15.849,23.565,16.077,23.324,16.199,0.2705,<= 0.50 px,0,0
trans_pos045_neg035,3,110.943,31.698,110.745,31.88,110.493,32.048,0.3026,<= 0.50 px,0,0
trans_pos045_neg035,4,110.943,79.245,110.718,79.467,110.493,79.595,0.2587,<= 0.50 px,0,0
trans_pos045_neg035,5,118.868,95.094,118.687,95.296,118.418,95.444,0.307,<= 0.50 px,0,0
trans_pos045_neg035,6,261.509,110.943,261.302,111.136,261.059,111.293,0.2888,<= 0.50 px,0,1
trans_pos045_neg035,7,174.34,95.094,174.123,95.29,173.89,95.444,0.28,<= 0.50 px,0,1
trans_pos045_neg035,8,213.962,110.943,213.748,111.142,213.512,111.293,0.2801,<= 0.50 px,0,1
trans_pos045_neg035,9,182.264,126.792,182.068,126.977,181.814,127.142,0.3035,<= 0.50 px,0,1
trans_pos045_neg035,10,253.585,23.774,253.361,23.985,253.135,24.124,0.2652,<= 0.50 px,0,1
trans_pos045_neg035,11,150.566,118.868,150.382,119.058,150.116,119.218,0.3103,<= 0.50 px,0,1
trans_pos045_neg035,12,340.755,39.623,340.55,39.807,340.305,39.973,0.2964,<= 0.50 px,0,2
trans_pos045_neg035,13,324.906,39.623,324.684,39.815,324.456,39.973,0.277,<= 0.50 px,0,2
trans_pos045_neg035,14,301.132,23.774,300.911,23.954,300.682,24.124,0.2849,<= 0.50 px,0,2
trans_pos045_neg035,15,277.358,79.245,277.159,79.42,276.908,79.595,0.3061,<= 0.50 px,0,2
trans_pos045_neg035,16,316.981,103.019,316.776,103.185,316.531,103.369,0.3061,<= 0.50 px,0,2
trans_pos045_neg035,17,301.132,110.943,300.914,111.115,300.682,111.293,0.2924,<= 0.50 px,0,2
trans_pos045_neg035,18,47.547,198.113,47.353,198.303,47.097,198.463,0.3014,<= 0.50 px,1,0
trans_pos045_neg035,19,103.019,245.66,102.815,245.831,102.569,246.01,0.3048,<= 0.50 px,1,0
trans_pos045_neg035,20,95.094,198.113,94.883,198.286,94.644,198.463,0.2967,<= 0.50 px,1,0
trans_pos045_neg035,21,118.868,269.434,118.668,269.647,118.418,269.784,0.2856,<= 0.50 px,1,0
trans_pos045_neg035,22,103.019,253.585,102.84,253.757,102.569,253.935,0.3241,<= 0.50 px,1,0
trans_pos045_neg035,23,118.868,229.811,118.695,229.995,118.418,230.161,0.3229,<= 0.50 px,1,0
trans_pos045_neg035,24,142.642,269.434,142.44,269.619,142.192,269.784,0.298,<= 0.50 px,1,1
trans_pos045_neg035,25,206.038,277.358,205.837,277.532,205.588,277.708,0.3055,<= 0.50 px,1,1
trans_pos045_neg035,26,237.736,182.264,237.536,182.443,237.286,182.614,0.3029,<= 0.50 px,1,1
trans_pos045_neg035,27,158.491,166.415,158.289,166.615,158.041,166.765,0.2907,<= 0.50 px,1,1
trans_pos045_neg035,28,245.66,237.736,245.469,237.917,245.21,238.086,0.3088,<= 0.50 px,1,1
trans_pos045_neg035,29,174.34,206.038,174.147,206.225,173.89,206.388,0.3049,<= 0.50 px,1,1
trans_pos045_neg035,30,348.679,253.585,348.48,253.753,348.229,253.935,0.3098,<= 0.50 px,1,2
trans_pos045_neg035,31,269.434,229.811,269.242,230.0,268.984,230.161,0.3046,<= 0.50 px,1,2
trans_pos045_neg035,32,293.208,221.887,292.99,222.055,292.758,222.237,0.2952,<= 0.50 px,1,2
trans_pos045_neg035,33,356.604,174.34,356.413,174.53,356.154,174.69,0.3047,<= 0.50 px,1,2
trans_pos045_neg035,34,269.434,142.642,269.234,142.847,268.984,142.992,0.2889,<= 0.50 px,1,2
trans_pos045_neg035,35,293.208,237.736,293.024,237.89,292.758,238.086,0.3307,<= 0.50 px,1,2
trans_pos045_neg035,36,126.792,285.283,126.593,285.463,126.342,285.633,0.3025,<= 0.50 px,2,0
trans_pos045_neg035,37,79.245,324.906,79.035,325.095,78.795,325.256,0.2886,<= 0.50 px,2,0
trans_pos045_neg035,38,95.094,388.302,94.903,388.464,94.644,388.652,0.3195,<= 0.50 px,2,0
trans_pos045_neg035,39,55.472,285.283,55.286,285.485,55.022,285.633,0.3028,<= 0.50 px,2,0
trans_pos045_neg035,40,95.094,293.208,94.912,293.381,94.644,293.558,0.3205,<= 0.50 px,2,0
trans_pos045_neg035,41,63.396,364.528,63.189,364.688,62.946,364.878,0.3078,<= 0.50 px,2,0
trans_pos045_neg035,42,221.887,324.906,221.697,325.08,221.437,325.256,0.314,<= 0.50 px,2,1
trans_pos045_neg035,43,213.962,396.226,213.761,396.4,213.512,396.576,0.305,<= 0.50 px,2,1
trans_pos045_neg035,44,229.811,372.453,229.615,372.609,229.361,372.803,0.3189,<= 0.50 px,2,1
trans_pos045_neg035,45,198.113,293.208,197.917,293.366,197.663,293.558,0.3178,<= 0.50 px,2,1
trans_pos045_neg035,46,261.509,340.755,261.325,340.94,261.059,341.105,0.3122,<= 0.50 px,2,1
trans_pos045_neg035,47,261.509,396.226,261.302,396.409,261.059,396.576,0.2945,<= 0.50 px,2,1
trans_pos045_neg035,48,340.755,364.528,340.551,364.686,340.305,364.878,0.3124,<= 0.50 px,2,2
trans_pos045_neg035,49,316.981,372.453,316.79,372.618,316.531,372.803,0.3184,<= 0.50 px,2,2
trans_pos045_neg035,50,269.434,364.528,269.238,364.678,268.984,364.878,0.3237,<= 0.50 px,2,2
trans_pos045_neg035,51,324.906,309.057,324.69,309.218,324.456,309.407,0.3014,<= 0.50 px,2,2
trans_pos045_neg035,52,324.906,332.83,324.712,333.012,324.456,333.18,0.3072,<= 0.50 px,2,2
trans_pos045_neg035,53,372.453,301.132,372.26,301.272,372.003,301.482,0.3318,<= 0.50 px,2,2
rot_pos025_deg,0,110.943,55.472,111.49,55.518,111.616,55.1,0.4367,<= 0.50 px,0,0
rot_pos025_deg,1,23.774,55.472,24.368,55.491,24.447,54.72,0.7753,<= 1.00 px,0,0
rot_pos025_deg,2,55.472,15.849,56.104,15.964,56.318,15.236,0.7587,<= 1.00 px,0,0
rot_pos025_deg,3,39.623,118.868,40.075,118.832,40.02,118.184,0.6502,<= 1.00 px,0,0
rot_pos025_deg,4,87.17,55.472,87.773,55.481,87.843,54.996,0.4903,<= 0.50 px,0,0
rot_pos025_deg,5,110.943,23.774,111.618,23.878,111.755,23.402,0.4952,<= 0.50 px,0,0
rot_pos025_deg,6,237.736,63.396,238.214,63.456,238.373,63.578,0.2001,<= 0.25 px,0,1
rot_pos025_deg,7,229.811,63.396,230.336,63.458,230.448,63.543,0.1411,<= 0.25 px,0,1
rot_pos025_deg,8,158.491,23.774,159.064,23.869,159.301,23.61,0.3523,<= 0.50 px,0,1
rot_pos025_deg,9,198.113,95.094,198.586,95.104,198.612,95.102,0.0267,<= 0.25 px,0,1
rot_pos025_deg,10,150.566,55.472,151.118,55.57,151.239,55.273,0.3205,<= 0.50 px,0,1
rot_pos025_deg,11,182.264,95.094,182.751,95.156,182.763,95.033,0.1229,<= 0.25 px,0,1
rot_pos025_deg,12,332.83,134.717,333.145,134.728,333.155,135.313,0.5842,<= 1.00 px,0,2
rot_pos025_deg,13,285.283,55.472,285.764,55.577,285.954,55.861,0.3417,<= 0.50 px,0,2
rot_pos025_deg,14,372.453,103.019,372.779,103.06,372.916,103.788,0.7409,<= 1.00 px,0,2
rot_pos025_deg,15,340.755,134.717,341.043,134.746,341.08,135.347,0.6023,<= 1.00 px,0,2
rot_pos025_deg,16,285.283,31.698,285.855,31.811,286.058,32.087,0.3428,<= 0.50 px,0,2
rot_pos025_deg,17,277.358,31.698,277.938,31.802,278.134,32.053,0.318,<= 0.50 px,0,2
rot_pos025_deg,18,79.245,277.358,79.346,277.344,78.95,276.846,0.636,<= 1.00 px,1,0
rot_pos025_deg,19,55.472,245.66,55.638,245.65,55.315,245.045,0.686,<= 1.00 px,1,0
rot_pos025_deg,20,118.868,253.585,119.012,253.563,118.676,253.246,0.4618,<= 0.50 px,1,0
rot_pos025_deg,21,23.774,213.962,23.991,213.964,23.756,213.209,0.7909,<= 1.00 px,1,0
rot_pos025_deg,22,39.623,158.491,39.977,158.441,39.847,157.807,0.648,<= 1.00 px,1,0
rot_pos025_deg,23,87.17,253.585,87.291,253.585,86.978,253.107,0.571,<= 1.00 px,1,0
rot_pos025_deg,24,150.566,221.887,150.791,221.864,150.512,221.686,0.3301,<= 0.50 px,1,1
rot_pos025_deg,25,158.491,221.887,158.71,221.841,158.437,221.721,0.2982,<= 0.50 px,1,1
rot_pos025_deg,26,182.264,190.189,182.548,190.2,182.349,190.127,0.2124,<= 0.25 px,1,1
rot_pos025_deg,27,206.038,253.585,206.165,253.548,205.845,253.626,0.3292,<= 0.50 px,1,1
rot_pos025_deg,28,229.811,229.811,229.976,229.808,229.722,229.956,0.2941,<= 0.50 px,1,1
rot_pos025_deg,29,206.038,158.491,206.33,158.482,206.26,158.533,0.0864,<= 0.25 px,1,1
rot_pos025_deg,30,332.83,261.509,332.931,261.467,332.602,262.104,0.7173,<= 1.00 px,1,2
rot_pos025_deg,31,301.132,166.415,301.423,166.391,301.319,166.872,0.4926,<= 0.50 px,1,2
rot_pos025_deg,32,309.057,166.415,309.311,166.444,309.244,166.907,0.4672,<= 0.50 px,1,2
rot_pos025_deg,33,332.83,237.736,332.982,237.673,332.706,238.33,0.7129,<= 1.00 px,1,2
rot_pos025_deg,34,293.208,261.509,293.336,261.523,292.98,261.931,0.5414,<= 1.00 px,1,2
rot_pos025_deg,35,340.755,198.113,340.934,198.077,340.803,198.743,0.6788,<= 1.00 px,1,2
rot_pos025_deg,36,55.472,316.981,55.487,316.956,55.004,316.365,0.7628,<= 1.00 px,2,0
rot_pos025_deg,37,63.396,316.981,63.434,316.955,62.929,316.399,0.7516,<= 1.00 px,2,0
rot_pos025_deg,38,79.245,348.679,79.191,348.671,78.639,348.166,0.7475,<= 1.00 px,2,0
rot_pos025_deg,39,87.17,316.981,87.18,316.965,86.702,316.503,0.6649,<= 1.00 px,2,0
rot_pos025_deg,40,31.698,380.377,31.593,380.389,30.954,379.657,0.972,<= 1.00 px,2,0
rot_pos025_deg,41,31.698,316.981,31.725,316.933,31.231,316.261,0.8345,<= 1.00 px,2,0
rot_pos025_deg,42,166.415,324.906,166.433,324.885,165.912,324.773,0.5332,<= 1.00 px,2,1
rot_pos025_deg,43,158.491,324.906,158.514,324.887,157.987,324.739,0.5467,<= 1.00 px,2,1
rot_pos025_deg,44,221.887,324.906,221.898,324.868,221.383,325.015,0.5359,<= 1.00 px,2,1
rot_pos025_deg,45,245.66,324.906,245.69,324.885,245.156,325.119,0.5824,<= 1.00 px,2,1
rot_pos025_deg,46,206.038,324.906,206.044,324.874,205.534,324.946,0.5149,<= 1.00 px,2,1
rot_pos025_deg,47,190.189,348.679,190.151,348.643,189.581,348.65,0.5699,<= 1.00 px,2,1
rot_pos025_deg,48,316.981,332.83,316.983,332.797,316.442,333.355,0.7765,<= 1.00 px,2,2
rot_pos025_deg,49,332.83,332.83,332.834,332.794,332.291,333.424,0.832,<= 1.00 px,2,2
rot_pos025_deg,50,277.358,324.906,277.385,324.881,276.854,325.257,0.6503,<= 1.00 px,2,2
rot_pos025_deg,51,340.755,332.83,340.754,332.804,340.215,333.458,0.8481,<= 1.00 px,2,2
rot_pos025_deg,52,285.283,332.83,285.299,332.806,284.744,333.216,0.6897,<= 1.00 px,2,2
rot_pos025_deg,53,348.679,332.83,348.689,332.798,348.14,333.493,0.886,<= 1.00 px,2,2
rot_neg050_deg,0,87.17,55.472,85.588,55.476,85.83,56.432,0.9856,<= 1.00 px,0,0
rot_neg050_deg,1,23.774,47.547,22.096,47.486,22.367,49.061,1.5974,> 1.00 px,0,0
rot_neg050_deg,2,55.472,118.868,54.236,118.893,54.686,120.102,1.29,> 1.00 px,0,0
rot_neg050_deg,3,23.774,15.849,21.846,15.796,22.09,17.364,1.5862,> 1.00 px,0,0
rot_neg050_deg,4,15.849,47.547,14.078,47.506,14.443,49.13,1.6644,> 1.00 px,0,0
rot_neg050_deg,5,15.849,15.849,14.004,15.781,14.166,17.433,1.6598,> 1.00 px,0,0
rot_neg050_deg,6,206.038,126.792,204.815,126.837,205.316,126.712,0.5162,<= 1.00 px,0,1
rot_neg050_deg,7,198.113,63.396,196.56,63.497,196.838,63.388,0.2985,<= 0.50 px,0,1
rot_neg050_deg,8,182.264,63.396,180.665,63.442,180.99,63.526,0.3357,<= 0.50 px,0,1
rot_neg050_deg,9,206.038,95.094,204.681,95.083,205.039,95.015,0.3638,<= 0.50 px,0,1
rot_neg050_deg,10,213.962,31.698,212.202,31.716,212.41,31.552,0.2643,<= 0.50 px,0,1
rot_neg050_deg,11,221.887,126.792,220.743,126.775,221.164,126.574,0.4666,<= 0.50 px,0,1
rot_neg050_deg,12,332.83,39.623,331.077,39.801,331.343,38.439,1.3873,> 1.00 px,0,2
rot_neg050_deg,13,316.981,39.623,315.243,39.801,315.494,38.578,1.2488,> 1.00 px,0,2
rot_neg050_deg,14,301.132,39.623,299.38,39.798,299.646,38.716,1.1145,> 1.00 px,0,2
rot_neg050_deg,15,332.83,103.019,331.386,103.086,331.896,101.833,1.3521,> 1.00 px,0,2
rot_neg050_deg,16,316.981,103.019,315.661,103.168,316.047,101.972,1.2575,> 1.00 px,0,2
rot_neg050_deg,17,324.906,134.717,323.641,134.803,324.248,133.599,1.3482,> 1.00 px,0,2
rot_neg050_deg,18,118.868,221.887,118.176,221.887,118.979,222.564,1.05,> 1.00 px,1,0
rot_neg050_deg,19,63.396,150.566,62.325,150.621,62.887,151.73,1.2435,> 1.00 px,1,0
rot_neg050_deg,20,63.396,277.358,63.031,277.271,63.993,278.517,1.5752,> 1.00 px,1,0
rot_neg050_deg,21,47.547,150.566,46.412,150.605,47.039,151.868,1.4098,> 1.00 px,1,0
rot_neg050_deg,22,79.245,150.566,78.275,150.519,78.735,151.592,1.1676,> 1.00 px,1,0
rot_neg050_deg,23,126.792,253.585,126.437,253.608,127.18,254.192,0.9444,<= 1.00 px,1,0
rot_neg050_deg,24,190.189,158.491,189.166,158.5,189.744,158.548,0.5797,<= 1.00 px,1,1
rot_neg050_deg,25,174.34,190.189,173.558,190.155,174.172,190.383,0.6544,<= 1.00 px,1,1
rot_neg050_deg,26,158.491,190.189,157.643,190.133,158.323,190.521,0.7836,<= 1.00 px,1,1
rot_neg050_deg,27,134.717,221.887,134.12,221.96,134.827,222.425,0.8466,<= 1.00 px,1,1
rot_neg050_deg,28,142.642,190.189,141.806,190.283,142.475,190.659,0.7677,<= 1.00 px,1,1
rot_neg050_deg,29,245.66,261.509,245.339,261.443,246.112,261.078,0.8552,<= 1.00 px,1,1
rot_neg050_deg,30,293.208,198.113,292.396,198.196,293.105,197.27,1.1666,> 1.00 px,1,2
rot_neg050_deg,31,332.83,166.415,331.832,166.372,332.449,165.227,1.3007,> 1.00 px,1,2
rot_neg050_deg,32,285.283,166.415,284.443,166.462,284.904,165.642,0.9405,<= 1.00 px,1,2
rot_neg050_deg,33,285.283,261.509,284.994,261.494,285.734,260.733,1.0612,> 1.00 px,1,2
rot_neg050_deg,34,309.057,166.415,308.229,166.44,308.676,165.434,1.1004,> 1.00 px,1,2
rot_neg050_deg,35,285.283,198.113,284.623,198.215,285.18,197.339,1.0381,> 1.00 px,1,2
rot_neg050_deg,36,15.849,340.755,15.844,340.717,17.001,342.326,1.9817,> 1.00 px,2,0
rot_neg050_deg,37,95.094,348.679,95.138,348.668,96.313,349.559,1.4742,> 1.00 px,2,0
rot_neg050_deg,38,126.792,285.283,126.573,285.243,127.456,285.888,1.0945,> 1.00 px,2,0
rot_neg050_deg,39,47.547,348.679,47.645,348.69,48.767,349.974,1.7054,> 1.00 px,2,0
rot_neg050_deg,40,118.868,316.981,118.831,316.943,119.809,317.655,1.2089,> 1.00 px,2,0
rot_neg050_deg,41,31.698,348.679,31.689,348.632,32.919,350.112,1.9249,> 1.00 px,2,0
rot_neg050_deg,42,134.717,316.981,134.648,316.931,135.657,317.516,1.1669,> 1.00 px,2,1
rot_neg050_deg,43,229.811,324.906,229.778,324.822,230.817,324.611,1.0601,> 1.00 px,2,1
rot_neg050_deg,44,245.66,324.906,245.646,324.843,246.666,324.472,1.0852,> 1.00 px,2,1
rot_neg050_deg,45,237.736,324.906,237.728,324.835,238.741,324.541,1.0554,> 1.00 px,2,1
rot_neg050_deg,46,150.566,316.981,150.508,316.907,151.506,317.378,1.1028,> 1.00 px,2,1
rot_neg050_deg,47,213.962,324.906,213.851,324.855,214.969,324.749,1.1229,> 1.00 px,2,1
rot_neg050_deg,48,269.434,324.906,269.425,324.887,270.438,324.265,1.1887,> 1.00 px,2,2
rot_neg050_deg,49,332.83,332.83,332.806,332.829,333.901,331.636,1.6193,> 1.00 px,2,2
rot_neg050_deg,50,285.283,293.208,284.965,293.103,286.01,292.43,1.2438,> 1.00 px,2,2
rot_neg050_deg,51,372.453,332.83,372.44,332.801,373.522,331.29,1.8582,> 1.00 px,2,2
rot_neg050_deg,52,372.453,364.528,372.451,364.425,373.799,362.987,1.9708,> 1.00 px,2,2
rot_neg050_deg,53,316.981,332.83,316.959,332.852,318.053,331.774,1.5354,> 1.00 px,2,2
scale_1002,0,103.019,118.868,103.017,119.008,103.205,119.049,0.1925,<= 0.25 px,0,0
scale_1002,1,95.094,87.17,95.092,87.325,95.297,87.414,0.2234,<= 0.25 px,0,0
scale_1002,2,87.17,55.472,87.168,55.654,87.388,55.779,0.2533,<= 0.50 px,0,0
scale_1002,3,15.849,110.943,15.862,111.097,16.21,111.14,0.3506,<= 0.50 px,0,0
scale_1002,4,55.472,15.849,55.457,16.057,55.753,16.236,0.3461,<= 0.50 px,0,0
scale_1002,5,118.868,87.17,118.874,87.32,119.023,87.414,0.1761,<= 0.25 px,0,0
scale_1002,6,213.962,126.792,213.963,126.929,213.927,126.958,0.0459,<= 0.25 px,0,1
scale_1002,7,182.264,15.849,182.252,16.052,182.293,16.236,0.1884,<= 0.25 px,0,1
scale_1002,8,245.66,31.698,245.665,31.866,245.562,32.053,0.2138,<= 0.25 px,0,1
scale_1002,9,213.962,31.698,213.948,31.891,213.927,32.053,0.1631,<= 0.25 px,0,1
scale_1002,10,213.962,118.868,213.938,119.002,213.927,119.049,0.0481,<= 0.25 px,0,1
scale_1002,11,245.66,63.396,245.655,63.533,245.562,63.688,0.1799,<= 0.25 px,0,1
scale_1002,12,316.981,103.019,316.973,103.15,316.741,103.231,0.2464,<= 0.25 px,0,2
scale_1002,13,277.358,63.396,277.346,63.541,277.197,63.688,0.2085,<= 0.25 px,0,2
scale_1002,14,277.358,31.698,277.362,31.876,277.197,32.053,0.2414,<= 0.25 px,0,2
scale_1002,15,301.132,134.717,301.131,134.845,300.923,134.866,0.2084,<= 0.25 px,0,2
scale_1002,16,285.283,95.094,285.277,95.216,285.106,95.323,0.202,<= 0.25 px,0,2
scale_1002,17,269.434,134.717,269.415,134.848,269.288,134.866,0.1275,<= 0.25 px,0,2
scale_1002,18,47.547,190.189,47.551,190.298,47.844,190.227,0.3022,<= 0.50 px,1,0
scale_1002,19,87.17,221.887,87.174,221.966,87.388,221.862,0.2382,<= 0.25 px,1,0
scale_1002,20,110.943,150.566,110.935,150.685,111.114,150.684,0.1788,<= 0.25 px,1,0
scale_1002,21,31.698,213.962,31.699,214.062,32.027,213.953,0.3454,<= 0.50 px,1,0
scale_1002,22,126.792,229.811,126.786,229.895,126.932,229.771,0.1911,<= 0.25 px,1,0
scale_1002,23,71.321,150.566,71.309,150.696,71.571,150.684,0.2616,<= 0.50 px,1,0
scale_1002,24,174.34,190.189,174.329,190.286,174.384,190.227,0.0803,<= 0.25 px,1,1
scale_1002,25,237.736,229.811,237.739,229.881,237.654,229.771,0.1393,<= 0.25 px,1,1
scale_1002,26,213.962,229.811,213.958,229.871,213.927,229.771,0.1046,<= 0.25 px,1,1
scale_1002,27,206.038,190.189,206.025,190.275,206.019,190.227,0.0485,<= 0.25 px,1,1
scale_1002,28,237.736,166.415,237.739,166.511,237.654,166.501,0.0858,<= 0.25 px,1,1
scale_1002,29,174.34,253.585,174.348,253.639,174.384,253.497,0.1462,<= 0.25 px,1,1
scale_1002,30,301.132,229.811,301.122,229.88,300.923,229.771,0.2269,<= 0.25 px,1,2
scale_1002,31,364.528,269.434,364.515,269.467,364.193,269.314,0.3563,<= 0.50 px,1,2
scale_1002,32,285.283,237.736,285.28,237.786,285.106,237.679,0.2041,<= 0.25 px,1,2
scale_1002,33,277.358,166.415,277.356,166.504,277.197,166.501,0.1585,<= 0.25 px,1,2
scale_1002,34,348.679,206.038,348.686,206.115,348.375,206.045,0.3184,<= 0.50 px,1,2
scale_1002,35,340.755,269.434,340.763,269.479,340.467,269.314,0.3386,<= 0.50 px,1,2
scale_1002,36,87.17,380.377,87.181,380.367,87.388,380.036,0.3901,<= 0.50 px,2,0
scale_1002,37,55.472,348.679,55.483,348.693,55.753,348.401,0.3977,<= 0.50 px,2,0
scale_1002,38,110.943,388.302,110.953,388.286,111.114,387.945,0.3774,<= 0.50 px,2,0
scale_1002,39,47.547,380.377,47.553,380.364,47.844,380.036,0.4384,<= 0.50 px,2,0
scale_1002,40,15.849,380.377,15.868,380.372,16.21,380.036,0.479,<= 0.50 px,2,0
scale_1002,41,15.849,340.755,15.857,340.765,16.21,340.493,0.4455,<= 0.50 px,2,0
scale_1002,42,206.038,324.906,206.034,324.929,206.019,324.675,0.2541,<= 0.50 px,2,1
scale_1002,43,158.491,293.208,158.489,293.253,158.566,293.04,0.2261,<= 0.25 px,2,1
scale_1002,44,206.038,293.208,206.027,293.237,206.019,293.04,0.1969,<= 0.25 px,2,1
scale_1002,45,198.113,324.906,198.115,324.93,198.11,324.675,0.255,<= 0.50 px,2,1
scale_1002,46,213.962,396.226,213.951,396.196,213.927,395.854,0.3429,<= 0.50 px,2,1
scale_1002,47,245.66,380.377,245.661,380.347,245.562,380.036,0.3256,<= 0.50 px,2,1
scale_1002,48,269.434,324.906,269.428,324.917,269.288,324.675,0.2788,<= 0.50 px,2,2
scale_1002,49,340.755,332.83,340.745,332.829,340.467,332.584,0.3709,<= 0.50 px,2,2
scale_1002,50,372.453,332.83,372.455,332.828,372.102,332.584,0.4294,<= 0.50 px,2,2
scale_1002,51,372.453,301.132,372.439,301.154,372.102,300.949,0.3943,<= 0.50 px,2,2
scale_1002,52,301.132,364.528,301.132,364.505,300.923,364.219,0.3545,<= 0.50 px,2,2
scale_1002,53,316.981,332.83,316.984,332.824,316.741,332.584,0.3417,<= 0.50 px,2,2
scale_0998,0,87.17,118.868,87.174,118.755,86.951,118.686,0.2338,<= 0.25 px,0,0
scale_0998,1,95.094,87.17,95.108,87.035,94.891,86.925,0.243,<= 0.25 px,0,0
scale_0998,2,110.943,87.17,110.962,87.037,110.772,86.925,0.2208,<= 0.25 px,0,0
scale_0998,3,126.792,55.472,126.815,55.317,126.653,55.163,0.224,<= 0.25 px,0,0
scale_0998,4,71.321,95.094,71.329,94.988,71.07,94.865,0.2863,<= 0.50 px,0,0
scale_0998,5,71.321,15.849,71.337,15.661,71.07,15.461,0.3338,<= 0.50 px,0,0
scale_0998,6,261.509,95.094,261.515,94.966,261.64,94.865,0.1605,<= 0.25 px,0,1
scale_0998,7,206.038,95.094,206.048,94.972,206.057,94.865,0.1072,<= 0.25 px,0,1
scale_0998,8,206.038,31.698,206.035,31.53,206.057,31.342,0.1891,<= 0.25 px,0,1
scale_0998,9,150.566,63.396,150.559,63.26,150.474,63.103,0.1777,<= 0.25 px,0,1
scale_0998,10,237.736,118.868,237.741,118.733,237.818,118.686,0.0907,<= 0.25 px,0,1
scale_0998,11,253.585,31.698,253.579,31.557,253.699,31.342,0.2465,<= 0.25 px,0,1
scale_0998,12,316.981,126.792,316.978,126.674,317.223,126.627,0.2489,<= 0.25 px,0,2
scale_0998,13,372.453,63.396,372.464,63.266,372.805,63.103,0.3783,<= 0.50 px,0,2
scale_0998,14,277.358,134.717,277.361,134.596,277.521,134.567,0.1625,<= 0.25 px,0,2
scale_0998,15,293.208,103.019,293.211,102.912,293.401,102.805,0.2183,<= 0.25 px,0,2
scale_0998,16,277.358,63.396,277.376,63.264,277.521,63.103,0.2162,<= 0.25 px,0,2
scale_0998,17,269.434,23.774,269.454,23.604,269.58,23.401,0.2386,<= 0.25 px,0,2
scale_0998,18,95.094,190.189,95.101,190.11,94.891,190.15,0.2135,<= 0.25 px,1,0
scale_0998,19,118.868,253.585,118.878,253.527,118.712,253.673,0.2209,<= 0.25 px,1,0
scale_0998,20,87.17,261.509,87.17,261.469,86.951,261.614,0.2625,<= 0.50 px,1,0
scale_0998,21,55.472,198.113,55.465,198.041,55.189,198.09,0.2799,<= 0.50 px,1,0
scale_0998,22,126.792,182.264,126.807,182.179,126.653,182.21,0.157,<= 0.25 px,1,0
scale_0998,23,71.321,269.434,71.333,269.396,71.07,269.554,0.3069,<= 0.50 px,1,0
scale_0998,24,190.189,229.811,190.19,229.742,190.176,229.852,0.1105,<= 0.25 px,1,1
scale_0998,25,245.66,269.434,245.656,269.391,245.759,269.554,0.1927,<= 0.25 px,1,1
scale_0998,26,158.491,253.585,158.484,253.532,158.414,253.673,0.1572,<= 0.25 px,1,1
scale_0998,27,166.415,198.113,166.415,198.043,166.355,198.09,0.0762,<= 0.25 px,1,1
scale_0998,28,142.642,229.811,142.633,229.752,142.534,229.852,0.1413,<= 0.25 px,1,1
scale_0998,29,237.736,261.509,237.746,261.466,237.818,261.614,0.1647,<= 0.25 px,1,1
scale_0998,30,340.755,174.34,340.757,174.251,341.044,174.269,0.2872,<= 0.50 px,1,2
scale_0998,31,277.358,237.736,277.352,237.673,277.521,237.792,0.2069,<= 0.25 px,1,2
scale_0998,32,332.83,198.113,332.826,198.041,333.103,198.09,0.2818,<= 0.50 px,1,2
scale_0998,33,309.057,198.113,309.051,198.026,309.282,198.09,0.2398,<= 0.25 px,1,2
scale_0998,34,340.755,269.434,340.751,269.399,341.044,269.554,0.3318,<= 0.50 px,1,2
scale_0998,35,364.528,269.434,364.508,269.389,364.865,269.554,0.393,<= 0.50 px,1,2
scale_0998,36,55.472,348.679,55.477,348.673,55.189,348.958,0.405,<= 0.50 px,2,0
scale_0998,37,63.396,340.755,63.402,340.747,63.129,341.018,0.384,<= 0.50 px,2,0
scale_0998,38,110.943,316.981,110.953,316.959,110.772,317.197,0.2991,<= 0.50 px,2,0
scale_0998,39,47.547,285.283,47.538,285.239,47.249,285.435,0.3496,<= 0.50 px,2,0
scale_0998,40,126.792,372.453,126.787,372.439,126.653,372.779,0.3658,<= 0.50 px,2,0
scale_0998,41,110.943,348.679,110.94,348.677,110.772,348.958,0.3272,<= 0.50 px,2,0
scale_0998,42,166.415,293.208,166.414,293.163,166.355,293.375,0.2208,<= 0.25 px,2,1
scale_0998,43,150.566,285.283,150.561,285.238,150.474,285.435,0.2154,<= 0.25 px,2,1
scale_0998,44,253.585,380.377,253.591,380.376,253.699,380.72,0.361,<= 0.50 px,2,1
scale_0998,45,221.887,324.906,221.878,324.883,221.938,325.137,0.2605,<= 0.50 px,2,1
scale_0998,46,198.113,324.906,198.107,324.888,198.116,325.137,0.249,<= 0.25 px,2,1
scale_0998,47,221.887,388.302,221.887,388.293,221.938,388.66,0.3706,<= 0.50 px,2,1
scale_0998,48,316.981,332.83,316.976,332.812,317.223,333.077,0.3621,<= 0.50 px,2,2
scale_0998,49,269.434,364.528,269.433,364.525,269.58,364.839,0.3467,<= 0.50 px,2,2
scale_0998,50,348.679,332.83,348.677,332.814,348.984,333.077,0.4044,<= 0.50 px,2,2
scale_0998,51,340.755,332.83,340.742,332.814,341.044,333.077,0.4006,<= 0.50 px,2,2
scale_0998,52,293.208,356.604,293.212,356.597,293.401,356.899,0.3558,<= 0.50 px,2,2
scale_0998,53,269.434,396.226,269.431,396.241,269.58,396.601,0.3894,<= 0.50 px,2,2
affine_perturbation,0,55.472,134.717,54.981,134.802,55.146,135.047,0.2959,<= 0.50 px,0,0
affine_perturbation,1,95.094,15.849,94.555,15.888,94.571,16.021,0.1332,<= 0.25 px,0,0
affine_perturbation,2,23.774,55.472,23.265,55.519,23.432,55.754,0.2886,<= 0.50 px,0,0
affine_perturbation,3,39.623,47.547,39.106,47.605,39.242,47.806,0.2427,<= 0.25 px,0,0
affine_perturbation,4,15.849,79.245,15.305,79.291,15.548,79.559,0.3622,<= 0.50 px,0,0
affine_perturbation,5,31.698,79.245,31.195,79.328,31.365,79.543,0.2742,<= 0.50 px,0,0
affine_perturbation,6,134.717,23.774,134.164,23.809,134.123,23.913,0.1126,<= 0.25 px,0,1
affine_perturbation,7,150.566,118.868,150.063,118.933,150.035,119.087,0.1564,<= 0.25 px,0,1
affine_perturbation,8,229.811,95.094,229.325,95.139,229.098,95.21,0.238,<= 0.25 px,0,1
affine_perturbation,9,245.66,95.094,245.119,95.159,244.916,95.195,0.2066,<= 0.25 px,0,1
affine_perturbation,10,174.34,118.868,173.809,118.944,173.761,119.063,0.128,<= 0.25 px,0,1
affine_perturbation,11,229.811,134.717,229.296,134.751,229.138,134.873,0.1998,<= 0.25 px,0,1
affine_perturbation,12,316.981,134.717,316.492,134.785,316.134,134.786,0.3586,<= 0.50 px,0,2
affine_perturbation,13,277.358,126.792,276.9,126.877,276.582,126.893,0.3184,<= 0.50 px,0,2
affine_perturbation,14,340.755,39.623,340.226,39.698,339.765,39.572,0.4779,<= 0.50 px,0,2
affine_perturbation,15,285.283,71.321,284.748,71.317,284.436,71.358,0.315,<= 0.50 px,0,2
affine_perturbation,16,372.453,71.321,371.957,71.346,371.431,71.271,0.5314,<= 1.00 px,0,2
affine_perturbation,17,277.358,39.623,276.75,39.656,276.495,39.636,0.2554,<= 0.50 px,0,2
affine_perturbation,18,126.792,253.585,126.401,253.693,126.444,253.962,0.2724,<= 0.50 px,1,0
affine_perturbation,19,79.245,142.642,78.746,142.73,78.88,142.956,0.2627,<= 0.50 px,1,0
affine_perturbation,20,31.698,213.962,31.254,214.029,31.5,214.395,0.4411,<= 0.50 px,1,0
affine_perturbation,21,47.547,245.66,47.095,245.764,47.349,246.109,0.4283,<= 0.50 px,1,0
affine_perturbation,22,126.792,158.491,126.285,158.545,126.349,158.773,0.2369,<= 0.25 px,1,0
affine_perturbation,23,103.019,190.189,102.572,190.327,102.654,190.527,0.2163,<= 0.25 px,1,0
affine_perturbation,24,213.962,158.491,213.511,158.562,213.344,158.686,0.2078,<= 0.25 px,1,1
affine_perturbation,25,182.264,221.887,181.813,221.972,181.773,222.177,0.209,<= 0.25 px,1,1
affine_perturbation,26,198.113,221.887,197.67,221.954,197.59,222.161,0.2217,<= 0.25 px,1,1
affine_perturbation,27,174.34,190.189,173.926,190.277,173.832,190.455,0.2014,<= 0.25 px,1,1
affine_perturbation,28,150.566,150.566,150.092,150.678,150.067,150.817,0.1413,<= 0.25 px,1,1
affine_perturbation,29,150.566,158.491,150.118,158.602,150.075,158.749,0.1535,<= 0.25 px,1,1
affine_perturbation,30,293.208,229.811,292.774,229.893,292.503,229.999,0.2911,<= 0.50 px,1,2
affine_perturbation,31,332.83,269.434,332.413,269.542,332.086,269.621,0.3371,<= 0.50 px,1,2
affine_perturbation,32,356.604,206.038,356.182,206.116,355.748,206.138,0.4346,<= 0.50 px,1,2
affine_perturbation,33,324.906,253.585,324.502,253.646,324.161,253.765,0.361,<= 0.50 px,1,2
affine_perturbation,34,324.906,198.113,324.428,198.155,324.106,198.237,0.3326,<= 0.50 px,1,2
affine_perturbation,35,285.283,198.113,284.795,198.219,284.562,198.277,0.2397,<= 0.25 px,1,2
affine_perturbation,36,126.792,285.283,126.399,285.398,126.475,285.692,0.3042,<= 0.50 px,2,0
affine_perturbation,37,79.245,285.283,78.857,285.41,79.023,285.74,0.3691,<= 0.50 px,2,0
affine_perturbation,38,47.547,316.981,47.172,317.1,47.42,317.501,0.4715,<= 0.50 px,2,0
affine_perturbation,39,63.396,388.302,63.085,388.428,63.308,388.877,0.5022,<= 1.00 px,2,0
affine_perturbation,40,103.019,348.679,102.693,348.839,102.812,349.176,0.3574,<= 0.50 px,2,0
affine_perturbation,41,39.623,348.679,39.307,348.838,39.543,349.239,0.4653,<= 0.50 px,2,0
affine_perturbation,42,253.585,293.208,253.193,293.295,253.022,293.498,0.2658,<= 0.50 px,2,1
affine_perturbation,43,198.113,356.604,197.794,356.729,197.725,357.013,0.2921,<= 0.50 px,2,1
affine_perturbation,44,190.189,388.302,189.834,388.438,189.848,388.751,0.3131,<= 0.50 px,2,1
affine_perturbation,45,174.34,316.981,173.961,317.064,173.959,317.375,0.3107,<= 0.50 px,2,1
affine_perturbation,46,158.491,285.283,158.096,285.358,158.11,285.661,0.3033,<= 0.50 px,2,1
affine_perturbation,47,182.264,293.208,181.838,293.323,181.844,293.569,0.2465,<= 0.25 px,2,1
affine_perturbation,48,324.906,388.302,324.578,388.42,324.296,388.616,0.3439,<= 0.50 px,2,2
affine_perturbation,49,372.453,301.132,372.077,301.236,371.661,301.312,0.4228,<= 0.50 px,2,2
affine_perturbation,50,356.604,364.528,356.197,364.645,355.907,364.787,0.3233,<= 0.50 px,2,2
affine_perturbation,51,340.755,364.528,340.445,364.638,340.089,364.803,0.3922,<= 0.50 px,2,2
affine_perturbation,52,293.208,332.83,292.887,332.944,292.605,333.121,0.3327,<= 0.50 px,2,2
affine_perturbation,53,309.057,332.83,308.734,332.93,308.423,333.105,0.357,<= 0.50 px,2,2
