Dataset ID,Condition Code,Condition Category,Source Input Dims,Ref Input Dims,Source Scale,Ref Scale,Relative Scale Ratio,Matcher Source Dims,Matcher Ref Dims,Candidates,Initial Inliers,Initial Inlier Ratio (%),Spatial Selection,Spatial Occupancy,Final Inliers,Fit RMSE (px),Held-Out RMSE (px),Runtime (s),Status,Status Detail
OHRC_PAIR_01,COND_A_CURRENT_PRODUCTION,A. CURRENT_PRODUCTION_SCALE,624x4872,5916x4232,0.3284,0.2681,1.2248,205x1600,1586x1135,137,5,3.65,BYPASSED,NOT EVALUATED,0,N/A,N/A,46.57,SAFE REJECTION,"Below quality gate (Init inliers: 5/8, Ratio: 3.65%/20%)"
OHRC_PAIR_01,COND_B_COMMON_CANVAS_SCALE_1.0,B. COMMON_CANVAS_SCALE,624x4872,5916x4232,0.2681,0.2681,1.0000,167x1306,1586x1135,109,5,4.59,BYPASSED,NOT EVALUATED,0,N/A,N/A,33.22,SAFE REJECTION,"Below quality gate (Init inliers: 5/8, Ratio: 4.59%/20%)"
OHRC_PAIR_01,COND_C_COMMON_MAX_DIM_1580,C. COMMON_MAX_DIM,624x4872,5916x4232,0.3243,0.2671,1.2143,202x1580,1580x1130,157,5,3.18,BYPASSED,NOT EVALUATED,0,N/A,N/A,40.29,SAFE REJECTION,"Below quality gate (Init inliers: 5/8, Ratio: 3.18%/20%)"
OHRC_PAIR_01,COND_D_REL_SCALE_0.8,D. EXPLICIT_RELATIVE_SCALE_MATRIX,624x4872,5916x4232,0.2145,0.2681,0.8000,134x1045,1586x1135,74,5,6.76,BYPASSED,NOT EVALUATED,0,N/A,N/A,30.29,SAFE REJECTION,"Below quality gate (Init inliers: 5/8, Ratio: 6.76%/20%)"
OHRC_PAIR_01,COND_D_REL_SCALE_0.9,D. EXPLICIT_RELATIVE_SCALE_MATRIX,624x4872,5916x4232,0.2413,0.2681,0.9000,151x1176,1586x1135,86,5,5.81,BYPASSED,NOT EVALUATED,0,N/A,N/A,30.73,SAFE REJECTION,"Below quality gate (Init inliers: 5/8, Ratio: 5.81%/20%)"
OHRC_PAIR_01,COND_D_REL_SCALE_1.1,D. EXPLICIT_RELATIVE_SCALE_MATRIX,624x4872,5916x4232,0.2949,0.2681,1.1000,184x1437,1586x1135,127,5,3.94,BYPASSED,NOT EVALUATED,0,N/A,N/A,35.83,SAFE REJECTION,"Below quality gate (Init inliers: 5/8, Ratio: 3.94%/20%)"
OHRC_PAIR_01,COND_D_REL_SCALE_1.2,D. EXPLICIT_RELATIVE_SCALE_MATRIX,624x4872,5916x4232,0.3218,0.2681,1.2000,201x1568,1586x1135,127,5,3.94,BYPASSED,NOT EVALUATED,0,N/A,N/A,41.34,SAFE REJECTION,"Below quality gate (Init inliers: 5/8, Ratio: 3.94%/20%)"
OHRC_PAIR_02,COND_A_CURRENT_PRODUCTION,A. CURRENT_PRODUCTION_SCALE,648x5059,2593x6279,0.3163,0.2548,1.2412,205x1600,661x1600,221,5,2.26,BYPASSED,NOT EVALUATED,0,N/A,N/A,23.25,SAFE REJECTION,"Below quality gate (Init inliers: 5/8, Ratio: 2.26%/20%)"
OHRC_PAIR_02,COND_B_COMMON_CANVAS_SCALE_1.0,B. COMMON_CANVAS_SCALE,648x5059,2593x6279,0.2548,0.2548,1.0000,165x1289,661x1600,171,5,2.92,BYPASSED,NOT EVALUATED,0,N/A,N/A,20.04,SAFE REJECTION,"Below quality gate (Init inliers: 5/8, Ratio: 2.92%/20%)"
OHRC_PAIR_02,COND_C_COMMON_MAX_DIM_1580,C. COMMON_MAX_DIM,648x5059,2593x6279,0.3123,0.2516,1.2412,202x1580,652x1580,238,5,2.1,BYPASSED,NOT EVALUATED,0,N/A,N/A,22.96,SAFE REJECTION,"Below quality gate (Init inliers: 5/8, Ratio: 2.10%/20%)"
OHRC_PAIR_02,COND_D_REL_SCALE_0.8,D. EXPLICIT_RELATIVE_SCALE_MATRIX,648x5059,2593x6279,0.2039,0.2548,0.8000,132x1031,661x1600,138,5,3.62,BYPASSED,NOT EVALUATED,0,N/A,N/A,22.65,SAFE REJECTION,"Below quality gate (Init inliers: 5/8, Ratio: 3.62%/20%)"
OHRC_PAIR_02,COND_D_REL_SCALE_0.9,D. EXPLICIT_RELATIVE_SCALE_MATRIX,648x5059,2593x6279,0.2293,0.2548,0.9000,149x1160,661x1600,149,5,3.36,BYPASSED,NOT EVALUATED,0,N/A,N/A,20.87,SAFE REJECTION,"Below quality gate (Init inliers: 5/8, Ratio: 3.36%/20%)"
OHRC_PAIR_02,COND_D_REL_SCALE_1.1,D. EXPLICIT_RELATIVE_SCALE_MATRIX,648x5059,2593x6279,0.2803,0.2548,1.1000,182x1418,661x1600,177,5,2.82,BYPASSED,NOT EVALUATED,0,N/A,N/A,22.24,SAFE REJECTION,"Below quality gate (Init inliers: 5/8, Ratio: 2.82%/20%)"
OHRC_PAIR_02,COND_D_REL_SCALE_1.2,D. EXPLICIT_RELATIVE_SCALE_MATRIX,648x5059,2593x6279,0.3058,0.2548,1.2000,198x1547,661x1600,216,5,2.31,BYPASSED,NOT EVALUATED,0,N/A,N/A,22.84,SAFE REJECTION,"Below quality gate (Init inliers: 5/8, Ratio: 2.31%/20%)"
OHRC_PAIR_03,COND_A_CURRENT_PRODUCTION,A. CURRENT_PRODUCTION_SCALE,600x5054,2416x6316,0.3166,0.2533,1.2497,190x1600,612x1600,161,5,3.11,BYPASSED,NOT EVALUATED,0,N/A,N/A,20.55,SAFE REJECTION,"Below quality gate (Init inliers: 5/8, Ratio: 3.11%/20%)"
OHRC_PAIR_03,COND_B_COMMON_CANVAS_SCALE_1.0,B. COMMON_CANVAS_SCALE,600x5054,2416x6316,0.2533,0.2533,1.0000,152x1280,612x1600,109,5,4.59,BYPASSED,NOT EVALUATED,0,N/A,N/A,21.47,SAFE REJECTION,"Below quality gate (Init inliers: 5/8, Ratio: 4.59%/20%)"
OHRC_PAIR_03,COND_C_COMMON_MAX_DIM_1580,C. COMMON_MAX_DIM,600x5054,2416x6316,0.3126,0.2502,1.2497,188x1580,604x1580,161,5,3.11,BYPASSED,NOT EVALUATED,0,N/A,N/A,26.2,SAFE REJECTION,"Below quality gate (Init inliers: 5/8, Ratio: 3.11%/20%)"
OHRC_PAIR_03,COND_D_REL_SCALE_0.8,D. EXPLICIT_RELATIVE_SCALE_MATRIX,600x5054,2416x6316,0.2027,0.2533,0.8000,122x1024,612x1600,87,5,5.75,BYPASSED,NOT EVALUATED,0,N/A,N/A,16.14,SAFE REJECTION,"Below quality gate (Init inliers: 5/8, Ratio: 5.75%/20%)"
OHRC_PAIR_03,COND_D_REL_SCALE_0.9,D. EXPLICIT_RELATIVE_SCALE_MATRIX,600x5054,2416x6316,0.2280,0.2533,0.9000,137x1152,612x1600,104,4,3.85,BYPASSED,NOT EVALUATED,0,N/A,N/A,18.22,SAFE REJECTION,"Below quality gate (Init inliers: 4/8, Ratio: 3.85%/20%)"
OHRC_PAIR_03,COND_D_REL_SCALE_1.1,D. EXPLICIT_RELATIVE_SCALE_MATRIX,600x5054,2416x6316,0.2787,0.2533,1.1000,167x1408,612x1600,129,5,3.88,BYPASSED,NOT EVALUATED,0,N/A,N/A,20.44,SAFE REJECTION,"Below quality gate (Init inliers: 5/8, Ratio: 3.88%/20%)"
OHRC_PAIR_03,COND_D_REL_SCALE_1.2,D. EXPLICIT_RELATIVE_SCALE_MATRIX,600x5054,2416x6316,0.3040,0.2533,1.2000,182x1536,612x1600,142,5,3.52,BYPASSED,NOT EVALUATED,0,N/A,N/A,20.47,SAFE REJECTION,"Below quality gate (Init inliers: 5/8, Ratio: 3.52%/20%)"
OHRC_PAIR_04,COND_A_CURRENT_PRODUCTION,A. CURRENT_PRODUCTION_SCALE,552x4649,3164x6322,0.3442,0.2531,1.3599,190x1600,801x1600,98,5,5.1,BYPASSED,NOT EVALUATED,0,N/A,N/A,35.13,SAFE REJECTION,"Below quality gate (Init inliers: 5/8, Ratio: 5.10%/20%)"
OHRC_PAIR_04,COND_B_COMMON_CANVAS_SCALE_1.0,B. COMMON_CANVAS_SCALE,552x4649,3164x6322,0.2531,0.2531,1.0000,140x1177,801x1600,78,5,6.41,BYPASSED,NOT EVALUATED,0,N/A,N/A,22.4,SAFE REJECTION,"Below quality gate (Init inliers: 5/8, Ratio: 6.41%/20%)"
OHRC_PAIR_04,COND_C_COMMON_MAX_DIM_1580,C. COMMON_MAX_DIM,552x4649,3164x6322,0.3399,0.2499,1.3599,188x1580,791x1580,109,5,4.59,BYPASSED,NOT EVALUATED,0,N/A,N/A,27.45,SAFE REJECTION,"Below quality gate (Init inliers: 5/8, Ratio: 4.59%/20%)"
OHRC_PAIR_04,COND_D_REL_SCALE_0.8,D. EXPLICIT_RELATIVE_SCALE_MATRIX,552x4649,3164x6322,0.2025,0.2531,0.8000,112x941,801x1600,47,5,10.64,BYPASSED,NOT EVALUATED,0,N/A,N/A,22.71,SAFE REJECTION,"Below quality gate (Init inliers: 5/8, Ratio: 10.64%/20%)"
OHRC_PAIR_04,COND_D_REL_SCALE_0.9,D. EXPLICIT_RELATIVE_SCALE_MATRIX,552x4649,3164x6322,0.2278,0.2531,0.9000,126x1059,801x1600,60,5,8.33,BYPASSED,NOT EVALUATED,0,N/A,N/A,37.74,SAFE REJECTION,"Below quality gate (Init inliers: 5/8, Ratio: 8.33%/20%)"
OHRC_PAIR_04,COND_D_REL_SCALE_1.1,D. EXPLICIT_RELATIVE_SCALE_MATRIX,552x4649,3164x6322,0.2784,0.2531,1.1000,154x1294,801x1600,80,5,6.25,BYPASSED,NOT EVALUATED,0,N/A,N/A,36.27,SAFE REJECTION,"Below quality gate (Init inliers: 5/8, Ratio: 6.25%/20%)"
OHRC_PAIR_04,COND_D_REL_SCALE_1.2,D. EXPLICIT_RELATIVE_SCALE_MATRIX,552x4649,3164x6322,0.3037,0.2531,1.2000,168x1412,801x1600,74,5,6.76,BYPASSED,NOT EVALUATED,0,N/A,N/A,27.49,SAFE REJECTION,"Below quality gate (Init inliers: 5/8, Ratio: 6.76%/20%)"
