Pair,Scale,NNDR,Top-K,Method,Candidates,Initial Inliers,Initial Ratio,3×3 Occ.,Spatial CV,Fit RMSE,Held-out RMSE,Runtime,Success,Failure,Mean RIFT2 Sim,Mean Struct Sim,Median Struct Sim,Min Struct Sim,Max Struct Sim,Mean Fusion Score
IIRS <-> OHRC (Native),1.0 / 1.0,0.95,All,RIFT2-only,47,6,0.1277,0.4444,1.4142,0.2742,,24.405,False,held_out_validation: Insufficient inliers for independent held-out check (6 < 8),0.8235,0.5057,0.4989,0.3511,0.5918,0.6646
IIRS <-> OHRC (Native),1.0 / 1.0,0.95,8,RIFT2 + structural fusion,8,4,0.5,0.3333,1.5411,0.0,,24.035,False,held_out_validation: Insufficient inliers for independent held-out check (4 < 8),0.8431,0.5613,0.5655,0.519,0.5918,0.7022
IIRS <-> OHRC (Native),1.0 / 1.0,0.95,12,RIFT2 + structural fusion,12,4,0.3333,0.3333,1.5411,0.0,,24.046,False,held_out_validation: Insufficient inliers for independent held-out check (4 < 8),0.843,0.5501,0.5514,0.5126,0.5918,0.6965
IIRS <-> OHRC (Native),1.0 / 1.0,0.95,16,RIFT2 + structural fusion,16,4,0.25,0.4444,1.118,0.0,,24.065,False,held_out_validation: Insufficient inliers for independent held-out check (4 < 8),0.8355,0.5493,0.5478,0.5126,0.5918,0.6924
IIRS <-> OHRC (Native),1.0 / 1.0,0.95,24,RIFT2 + structural fusion,24,5,0.2083,0.5556,0.8944,0.3522,,24.144,False,held_out_validation: Insufficient inliers for independent held-out check (5 < 8),0.8345,0.5376,0.5436,0.4842,0.5918,0.6861
IIRS <-> OHRC (Native),1.0 / 1.0,0.97,All,RIFT2-only,89,7,0.0787,0.4444,1.178,1.3353,,24.529,False,held_out_validation: Insufficient inliers for independent held-out check (7 < 8),0.8186,0.5092,0.508,0.3511,0.621,0.6639
IIRS <-> OHRC (Native),1.0 / 1.0,0.97,8,RIFT2 + structural fusion,8,4,0.5,0.4444,1.118,0.0,,24.037,False,held_out_validation: Insufficient inliers for independent held-out check (4 < 8),0.8423,0.592,0.5841,0.5692,0.621,0.7171
IIRS <-> OHRC (Native),1.0 / 1.0,0.97,12,RIFT2 + structural fusion,12,5,0.4167,0.4444,1.2329,0.2368,,24.043,False,held_out_validation: Insufficient inliers for independent held-out check (5 < 8),0.8404,0.5823,0.5783,0.5445,0.621,0.7113
IIRS <-> OHRC (Native),1.0 / 1.0,0.97,16,RIFT2 + structural fusion,16,5,0.3125,0.4444,1.2329,0.7497,,24.055,False,held_out_validation: Insufficient inliers for independent held-out check (5 < 8),0.839,0.5742,0.5736,0.519,0.621,0.7066
IIRS <-> OHRC (Native),1.0 / 1.0,0.97,24,RIFT2 + structural fusion,24,5,0.2083,0.3333,1.4967,0.7853,,24.138,False,held_out_validation: Insufficient inliers for independent held-out check (5 < 8),0.8382,0.5599,0.5602,0.509,0.621,0.699
IIRS <-> OHRC (Native),1.0 / 1.0,0.99,All,RIFT2-only,195,7,0.0359,0.4444,1.3248,0.9075,,24.41,False,held_out_validation: Insufficient inliers for independent held-out check (7 < 8),0.8162,0.5057,0.505,0.3511,0.6804,0.661
IIRS <-> OHRC (Native),1.0 / 1.0,0.99,8,RIFT2 + structural fusion,8,4,0.5,0.4444,1.118,0.0,,24.036,False,held_out_validation: Insufficient inliers for independent held-out check (4 < 8),0.8395,0.6061,0.606,0.5666,0.6804,0.7228
IIRS <-> OHRC (Native),1.0 / 1.0,0.99,12,RIFT2 + structural fusion,12,4,0.3333,0.3333,1.5411,0.0,,24.05,False,held_out_validation: Insufficient inliers for independent held-out check (4 < 8),0.8395,0.6004,0.5953,0.5666,0.6804,0.72
IIRS <-> OHRC (Native),1.0 / 1.0,0.99,16,RIFT2 + structural fusion,16,5,0.3125,0.4444,1.2329,0.9583,,24.062,False,held_out_validation: Insufficient inliers for independent held-out check (5 < 8),0.8324,0.5992,0.5973,0.5632,0.6804,0.7158
IIRS <-> OHRC (Native),1.0 / 1.0,0.99,24,RIFT2 + structural fusion,24,5,0.2083,0.3333,1.7205,0.0567,,24.139,False,held_out_validation: Insufficient inliers for independent held-out check (5 < 8),0.8332,0.5851,0.5761,0.535,0.6804,0.7092
Rotation Pair (pair_01),1.0 / 1.0,0.95,All,RIFT2-only,10,4,0.4,0.3333,1.5411,0.0,,11.715,False,held_out_validation: Insufficient inliers for independent held-out check (4 < 8),0.8446,0.4793,0.4759,0.4383,0.5378,0.662
Rotation Pair (pair_01),1.0 / 1.0,0.95,8,RIFT2 + structural fusion,8,4,0.5,0.3333,1.5411,0.0,,11.71,False,held_out_validation: Insufficient inliers for independent held-out check (4 < 8),0.8474,0.4879,0.4811,0.4472,0.5378,0.6677
Rotation Pair (pair_01),1.0 / 1.0,0.95,12,RIFT2 + structural fusion,10,4,0.4,0.2222,1.8708,0.0,,11.716,False,held_out_validation: Insufficient inliers for independent held-out check (4 < 8),0.8446,0.4793,0.4759,0.4383,0.5378,0.662
Rotation Pair (pair_01),1.0 / 1.0,0.95,16,RIFT2 + structural fusion,10,4,0.4,0.2222,1.8708,0.0,,11.715,False,held_out_validation: Insufficient inliers for independent held-out check (4 < 8),0.8446,0.4793,0.4759,0.4383,0.5378,0.662
Rotation Pair (pair_01),1.0 / 1.0,0.95,24,RIFT2 + structural fusion,10,4,0.4,0.2222,1.8708,0.0,,11.716,False,held_out_validation: Insufficient inliers for independent held-out check (4 < 8),0.8446,0.4793,0.4759,0.4383,0.5378,0.662
Rotation Pair (pair_01),1.0 / 1.0,0.97,All,RIFT2-only,31,6,0.1935,0.3333,1.5811,0.6245,,11.889,False,held_out_validation: Insufficient inliers for independent held-out check (6 < 8),0.8417,0.4987,0.4801,0.4104,0.719,0.6702
Rotation Pair (pair_01),1.0 / 1.0,0.97,8,RIFT2 + structural fusion,8,4,0.5,0.2222,1.8708,0.0,,11.71,False,held_out_validation: Insufficient inliers for independent held-out check (4 < 8),0.8481,0.568,0.543,0.5039,0.719,0.7081
Rotation Pair (pair_01),1.0 / 1.0,0.97,12,RIFT2 + structural fusion,12,4,0.3333,0.3333,1.5411,0.0,,11.723,False,held_out_validation: Insufficient inliers for independent held-out check (4 < 8),0.8461,0.5502,0.5298,0.4767,0.719,0.6982
Rotation Pair (pair_01),1.0 / 1.0,0.97,16,RIFT2 + structural fusion,16,5,0.3125,0.3333,1.4967,0.9102,,11.727,False,held_out_validation: Insufficient inliers for independent held-out check (5 < 8),0.8447,0.5359,0.5246,0.4767,0.719,0.6903
Rotation Pair (pair_01),1.0 / 1.0,0.97,24,RIFT2 + structural fusion,24,5,0.2083,0.3333,1.4967,0.7935,,11.837,False,held_out_validation: Insufficient inliers for independent held-out check (5 < 8),0.8438,0.5148,0.4966,0.4472,0.719,0.6793
Rotation Pair (pair_01),1.0 / 1.0,0.99,All,RIFT2-only,80,0,0.0,0.0,0.0,,,11.707,False,common_downstream: Common downstream RANSAC yielded insufficient inliers (2 < 4).,0.8368,0.5034,0.4948,0.4104,0.719,0.6701
Rotation Pair (pair_01),1.0 / 1.0,0.99,8,RIFT2 + structural fusion,8,4,0.5,0.3333,1.5411,0.0,,11.711,False,held_out_validation: Insufficient inliers for independent held-out check (4 < 8),0.8479,0.6229,0.6218,0.5641,0.719,0.7354
Rotation Pair (pair_01),1.0 / 1.0,0.99,12,RIFT2 + structural fusion,12,5,0.4167,0.2222,1.9183,0.5507,,11.717,False,held_out_validation: Insufficient inliers for independent held-out check (5 < 8),0.8493,0.596,0.5684,0.5378,0.719,0.7226
Rotation Pair (pair_01),1.0 / 1.0,0.99,16,RIFT2 + structural fusion,16,5,0.3125,0.2222,1.9183,0.6525,,11.728,False,held_out_validation: Insufficient inliers for independent held-out check (5 < 8),0.8479,0.5807,0.5618,0.5039,0.719,0.7143
Rotation Pair (pair_01),1.0 / 1.0,0.99,24,RIFT2 + structural fusion,24,5,0.2083,0.3333,1.4967,0.1358,,11.81,False,held_out_validation: Insufficient inliers for independent held-out check (5 < 8),0.8454,0.5623,0.5445,0.5039,0.719,0.7038
Viewpoint Pair (pair_02),1.0 / 1.0,0.95,All,RIFT2-only,57,6,0.1053,0.3333,1.5811,0.257,,31.309,False,held_out_validation: Insufficient inliers for independent held-out check (6 < 8),0.7885,0.5149,0.5051,0.3481,0.8048,0.6517
Viewpoint Pair (pair_02),1.0 / 1.0,0.95,8,RIFT2 + structural fusion,8,4,0.5,0.3333,1.5411,0.0,,30.853,False,held_out_validation: Insufficient inliers for independent held-out check (4 < 8),0.7864,0.6585,0.6315,0.6044,0.8048,0.7224
Viewpoint Pair (pair_02),1.0 / 1.0,0.95,12,RIFT2 + structural fusion,12,4,0.3333,0.3333,1.5411,0.0,,30.865,False,held_out_validation: Insufficient inliers for independent held-out check (4 < 8),0.7856,0.6398,0.6216,0.5839,0.8048,0.7127
Viewpoint Pair (pair_02),1.0 / 1.0,0.95,16,RIFT2 + structural fusion,16,4,0.25,0.4444,1.118,0.0,,30.897,False,held_out_validation: Insufficient inliers for independent held-out check (4 < 8),0.7912,0.614,0.6078,0.5125,0.8048,0.7026
Viewpoint Pair (pair_02),1.0 / 1.0,0.95,24,RIFT2 + structural fusion,24,4,0.1667,0.3333,1.5411,0.0,,31.087,False,held_out_validation: Insufficient inliers for independent held-out check (4 < 8),0.7886,0.5878,0.5798,0.5011,0.8048,0.6882
Viewpoint Pair (pair_02),1.0 / 1.0,0.97,All,RIFT2-only,146,0,0.0,0.0,0.0,,,30.849,False,common_downstream: Final homography estimation failed.,0.7828,0.5032,0.4951,0.3481,0.8048,0.643
Viewpoint Pair (pair_02),1.0 / 1.0,0.97,8,RIFT2 + structural fusion,8,4,0.5,0.4444,1.118,0.0,,30.854,False,held_out_validation: Insufficient inliers for independent held-out check (4 < 8),0.789,0.6654,0.6465,0.6044,0.8048,0.7272
Viewpoint Pair (pair_02),1.0 / 1.0,0.97,12,RIFT2 + structural fusion,12,4,0.3333,0.2222,2.1506,0.0,,30.866,False,held_out_validation: Insufficient inliers for independent held-out check (4 < 8),0.7923,0.6454,0.6313,0.5885,0.8048,0.7188
Viewpoint Pair (pair_02),1.0 / 1.0,0.97,16,RIFT2 + structural fusion,16,4,0.25,0.2222,2.1506,0.0,,30.899,False,held_out_validation: Insufficient inliers for independent held-out check (4 < 8),0.7917,0.6343,0.6216,0.5727,0.8048,0.713
Viewpoint Pair (pair_02),1.0 / 1.0,0.97,24,RIFT2 + structural fusion,24,5,0.2083,0.4444,1.2329,0.4092,,30.958,False,held_out_validation: Insufficient inliers for independent held-out check (5 < 8),0.79,0.6175,0.6039,0.5452,0.8048,0.7037
Viewpoint Pair (pair_02),1.0 / 1.0,0.99,All,RIFT2-only,270,0,0.0,0.0,0.0,,,30.85,False,common_downstream: Final homography estimation failed.,0.7778,0.5011,0.4952,0.3003,0.8048,0.6395
Viewpoint Pair (pair_02),1.0 / 1.0,0.99,8,RIFT2 + structural fusion,8,4,0.5,0.2222,1.8708,0.0,,30.858,False,held_out_validation: Insufficient inliers for independent held-out check (4 < 8),0.7831,0.6931,0.6823,0.6366,0.8048,0.7381
Viewpoint Pair (pair_02),1.0 / 1.0,0.99,12,RIFT2 + structural fusion,12,4,0.3333,0.2222,2.1506,0.0,,30.871,False,held_out_validation: Insufficient inliers for independent held-out check (4 < 8),0.786,0.671,0.6678,0.6044,0.8048,0.7285
Viewpoint Pair (pair_02),1.0 / 1.0,0.99,16,RIFT2 + structural fusion,16,4,0.25,0.4444,1.118,0.0,,30.904,False,held_out_validation: Insufficient inliers for independent held-out check (4 < 8),0.7853,0.6597,0.6415,0.6044,0.8048,0.7225
Viewpoint Pair (pair_02),1.0 / 1.0,0.99,24,RIFT2 + structural fusion,24,4,0.1667,0.3333,1.5411,0.0,,31.114,False,held_out_validation: Insufficient inliers for independent held-out check (4 < 8),0.7864,0.6422,0.6329,0.5885,0.8048,0.7143
Sun Angle Pair (pair_03),1.0 / 1.0,0.95,All,RIFT2-only,278,73,0.2626,0.4444,1.3105,0.5162,0.6254,34.321,True,None,0.9447,0.5688,0.5272,0.4154,0.8854,0.7568
Sun Angle Pair (pair_03),1.0 / 1.0,0.95,8,RIFT2 + structural fusion,8,6,0.75,0.3333,1.8708,1.0241,,34.275,False,held_out_validation: Insufficient inliers for independent held-out check (6 < 8),0.9776,0.8595,0.8597,0.8294,0.8854,0.9186
Sun Angle Pair (pair_03),1.0 / 1.0,0.95,12,RIFT2 + structural fusion,12,10,0.8333,0.2222,2.0,0.7,1.7201,34.282,True,None,0.9765,0.8486,0.8418,0.8228,0.8854,0.9125
Sun Angle Pair (pair_03),1.0 / 1.0,0.95,16,RIFT2 + structural fusion,16,13,0.8125,0.2222,1.9183,0.4842,2.2164,34.282,True,None,0.9745,0.8412,0.831,0.8116,0.8854,0.9079
Sun Angle Pair (pair_03),1.0 / 1.0,0.95,24,RIFT2 + structural fusion,24,23,0.9583,0.3333,1.5779,0.6053,1.4033,34.283,True,None,0.9734,0.8244,0.823,0.7631,0.8854,0.8989
Sun Angle Pair (pair_03),1.0 / 1.0,0.97,All,RIFT2-only,372,75,0.2016,0.4444,1.3105,0.5503,0.8328,34.564,True,None,0.9403,0.5518,0.5157,0.3949,0.8854,0.7461
Sun Angle Pair (pair_03),1.0 / 1.0,0.97,8,RIFT2 + structural fusion,8,6,0.75,0.3333,1.8708,1.0241,,34.275,False,held_out_validation: Insufficient inliers for independent held-out check (6 < 8),0.9776,0.8595,0.8597,0.8294,0.8854,0.9186
Sun Angle Pair (pair_03),1.0 / 1.0,0.97,12,RIFT2 + structural fusion,12,10,0.8333,0.2222,2.0,0.7,1.7201,34.281,True,None,0.9765,0.8486,0.8418,0.8228,0.8854,0.9125
Sun Angle Pair (pair_03),1.0 / 1.0,0.97,16,RIFT2 + structural fusion,16,13,0.8125,0.2222,1.9183,0.4842,2.2164,34.281,True,None,0.9745,0.8412,0.831,0.8116,0.8854,0.9079
Sun Angle Pair (pair_03),1.0 / 1.0,0.97,24,RIFT2 + structural fusion,24,23,0.9583,0.3333,1.5779,0.6053,1.4033,34.283,True,None,0.9734,0.8244,0.823,0.7631,0.8854,0.8989
Sun Angle Pair (pair_03),1.0 / 1.0,0.99,All,RIFT2-only,495,67,0.1354,0.3333,1.4142,0.7452,1.1629,34.67,True,None,0.9371,0.54,0.5126,0.3949,0.8854,0.7385
Sun Angle Pair (pair_03),1.0 / 1.0,0.99,8,RIFT2 + structural fusion,8,6,0.75,0.3333,1.8708,1.0241,,34.276,False,held_out_validation: Insufficient inliers for independent held-out check (6 < 8),0.9776,0.8595,0.8597,0.8294,0.8854,0.9186
Sun Angle Pair (pair_03),1.0 / 1.0,0.99,12,RIFT2 + structural fusion,12,10,0.8333,0.2222,2.0,0.7,1.7201,34.283,True,None,0.9765,0.8486,0.8418,0.8228,0.8854,0.9125
Sun Angle Pair (pair_03),1.0 / 1.0,0.99,16,RIFT2 + structural fusion,16,13,0.8125,0.2222,1.9183,0.4842,2.2164,34.281,True,None,0.9745,0.8412,0.831,0.8116,0.8854,0.9079
Sun Angle Pair (pair_03),1.0 / 1.0,0.99,24,RIFT2 + structural fusion,24,23,0.9583,0.3333,1.5779,0.6053,1.4033,34.283,True,None,0.9734,0.8244,0.823,0.7631,0.8854,0.8989
