footprint,patch_size,radius,anchor_index,source_x,source_y,reference_x,reference_y,phase7_l2,phase9_l2,phase9_minus_phase7_l2,phase9_better
compact,5,3.0,0,47.54716873168945,15.849056243896484,111.40367889404297,23.238449096679688,0.3706517517566681,0.31554755568504333,-0.055104196071624756,True
compact,5,3.0,1,55.47169494628906,15.849056243896484,117.89795684814453,23.849660873413086,0.3999332785606384,0.7101990580558777,0.31026577949523926,False
compact,5,3.0,2,71.32075500488281,15.849056243896484,126.34900665283203,23.885120391845703,0.5652621984481812,0.7818899154663086,0.21662771701812744,False
compact,5,3.0,3,198.1132049560547,95.0943374633789,200.06661987304688,80.1357421875,0.6159486174583435,0.48892152309417725,-0.12702709436416626,True
compact,5,3.0,4,198.1132049560547,103.01886749267578,199.02667236328125,86.82784271240234,0.6057354211807251,0.4978647828102112,-0.10787063837051392,True
compact,5,3.0,5,206.03773498535156,103.01886749267578,205.4826202392578,86.5870590209961,0.4957054555416107,0.5404609441757202,0.0447554886341095,False
compact,5,3.0,6,198.1132049560547,126.79244995117188,198.56996154785156,103.412841796875,0.6774076819419861,0.6716483235359192,-0.0057593584060668945,True
compact,5,3.0,7,206.03773498535156,134.71697998046875,206.24461364746094,110.30290985107422,0.33696284890174866,0.5068176984786987,0.16985484957695007,False
compact,5,3.0,8,31.69811248779297,174.33961486816406,110.13790130615234,127.83434295654297,0.5632922649383545,0.5977403521537781,0.034448087215423584,False
compact,5,3.0,9,47.54716873168945,174.33961486816406,117.9073257446289,126.2925033569336,0.5455973744392395,0.4912562370300293,-0.054341137409210205,True
compact,5,3.0,10,324.9056396484375,261.5094299316406,310.0468444824219,236.31863403320312,0.37677472829818726,0.3473702371120453,-0.029404491186141968,True
compact,5,3.0,11,324.9056396484375,293.2075500488281,310.1773681640625,268.6451416015625,0.5913311243057251,0.58091801404953,-0.010413110256195068,True
baseline,7,4.0,0,47.54716873168945,15.849056243896484,111.40367889404297,23.238449096679688,0.19852174818515778,0.26164013147354126,0.06311838328838348,False
baseline,7,4.0,1,55.47169494628906,15.849056243896484,117.89795684814453,23.849660873413086,0.2582814395427704,0.49361440539360046,0.23533296585083008,False
baseline,7,4.0,2,71.32075500488281,15.849056243896484,126.34900665283203,23.885120391845703,0.5416451096534729,0.5136996507644653,-0.02794545888900757,True
baseline,7,4.0,3,198.1132049560547,95.0943374633789,200.06661987304688,80.1357421875,0.490691214799881,0.4633665084838867,-0.027324706315994263,True
baseline,7,4.0,4,198.1132049560547,103.01886749267578,199.02667236328125,86.82784271240234,0.47007694840431213,0.46481654047966003,-0.0052604079246521,True
baseline,7,4.0,5,206.03773498535156,103.01886749267578,205.4826202392578,86.5870590209961,0.48696208000183105,0.38689884543418884,-0.10006323456764221,True
baseline,7,4.0,6,198.1132049560547,126.79244995117188,198.56996154785156,103.412841796875,0.4474483132362366,0.7275586128234863,0.28011029958724976,False
baseline,7,4.0,7,206.03773498535156,134.71697998046875,206.24461364746094,110.30290985107422,0.2994265556335449,0.6327285766601562,0.33330202102661133,False
baseline,7,4.0,8,31.69811248779297,174.33961486816406,110.13790130615234,127.83434295654297,0.44303247332572937,0.5335918664932251,0.09055939316749573,False
baseline,7,4.0,9,47.54716873168945,174.33961486816406,117.9073257446289,126.2925033569336,0.412854939699173,0.4400559961795807,0.027201056480407715,False
baseline,7,4.0,10,324.9056396484375,261.5094299316406,310.0468444824219,236.31863403320312,0.3503570556640625,0.4036102592945099,0.05325320363044739,False
baseline,7,4.0,11,324.9056396484375,293.2075500488281,310.1773681640625,268.6451416015625,0.42532703280448914,0.512393057346344,0.08706602454185486,False
medium,9,5.0,0,47.54716873168945,15.849056243896484,111.40367889404297,23.238449096679688,0.18163326382637024,0.2836354076862335,0.10200214385986328,False
medium,9,5.0,1,55.47169494628906,15.849056243896484,117.89795684814453,23.849660873413086,0.33022481203079224,0.4524478316307068,0.12222301959991455,False
medium,9,5.0,2,71.32075500488281,15.849056243896484,126.34900665283203,23.885120391845703,0.26180991530418396,0.6759347319602966,0.41412481665611267,False
medium,9,5.0,3,198.1132049560547,95.0943374633789,200.06661987304688,80.1357421875,0.3648388981819153,0.4276373088359833,0.062798410654068,False
medium,9,5.0,4,198.1132049560547,103.01886749267578,199.02667236328125,86.82784271240234,0.4670374393463135,0.5038315057754517,0.036794066429138184,False
medium,9,5.0,5,206.03773498535156,103.01886749267578,205.4826202392578,86.5870590209961,0.4231140613555908,0.3853221535682678,-0.037791907787323,True
medium,9,5.0,6,198.1132049560547,126.79244995117188,198.56996154785156,103.412841796875,0.3328055739402771,0.6584744453430176,0.3256688714027405,False
medium,9,5.0,7,206.03773498535156,134.71697998046875,206.24461364746094,110.30290985107422,0.36957111954689026,0.6564174890518188,0.2868463695049286,False
medium,9,5.0,8,31.69811248779297,174.33961486816406,110.13790130615234,127.83434295654297,0.3332117795944214,0.5656895637512207,0.23247778415679932,False
medium,9,5.0,9,47.54716873168945,174.33961486816406,117.9073257446289,126.2925033569336,0.5208758115768433,0.4202772080898285,-0.10059860348701477,True
medium,9,5.0,10,324.9056396484375,261.5094299316406,310.0468444824219,236.31863403320312,0.40625274181365967,0.420687198638916,0.014434456825256348,False
medium,9,5.0,11,324.9056396484375,293.2075500488281,310.1773681640625,268.6451416015625,0.36370646953582764,0.4785359799861908,0.11482951045036316,False
broad,11,7.0,0,47.54716873168945,15.849056243896484,111.40367889404297,23.238449096679688,0.18383486568927765,0.2835148572921753,0.09967999160289764,False
broad,11,7.0,1,55.47169494628906,15.849056243896484,117.89795684814453,23.849660873413086,0.13934531807899475,0.3617917001247406,0.22244638204574585,False
broad,11,7.0,2,71.32075500488281,15.849056243896484,126.34900665283203,23.885120391845703,0.29925602674484253,0.5941135883331299,0.29485756158828735,False
broad,11,7.0,3,198.1132049560547,95.0943374633789,200.06661987304688,80.1357421875,0.3944690525531769,0.3954869508743286,0.0010178983211517334,False
broad,11,7.0,4,198.1132049560547,103.01886749267578,199.02667236328125,86.82784271240234,0.44618675112724304,0.5570470094680786,0.11086025834083557,False
broad,11,7.0,5,206.03773498535156,103.01886749267578,205.4826202392578,86.5870590209961,0.39263832569122314,0.3499804735183716,-0.04265785217285156,True
broad,11,7.0,6,198.1132049560547,126.79244995117188,198.56996154785156,103.412841796875,0.26259592175483704,0.5902860760688782,0.32769015431404114,False
broad,11,7.0,7,206.03773498535156,134.71697998046875,206.24461364746094,110.30290985107422,0.3460032045841217,0.6424034833908081,0.2964002788066864,False
broad,11,7.0,8,31.69811248779297,174.33961486816406,110.13790130615234,127.83434295654297,0.39094236493110657,0.46590524911880493,0.07496288418769836,False
broad,11,7.0,9,47.54716873168945,174.33961486816406,117.9073257446289,126.2925033569336,0.5440760254859924,0.5266502499580383,-0.0174257755279541,True
broad,11,7.0,10,324.9056396484375,261.5094299316406,310.0468444824219,236.31863403320312,0.4043178856372833,0.3492962121963501,-0.05502167344093323,True
broad,11,7.0,11,324.9056396484375,293.2075500488281,310.1773681640625,268.6451416015625,0.4079633951187134,0.6342609524726868,0.2262975573539734,False
