Effect,Parameter_Domain,Perturbation_Value,Ground_Displacement_m,Interpretation
Attitude,Pitch (cross-track rotation),+0.001 deg,1.83,Sensitivity only (pitch rotation deflecting ray across-track)
Attitude,Yaw (along-track rotation),+0.001 deg,1.88,Sensitivity only (yaw rotation deflecting ray along-track)
Attitude,Pitch (cross-track rotation),+0.005 deg,9.14,Sensitivity only (pitch rotation deflecting ray across-track)
Attitude,Yaw (along-track rotation),+0.005 deg,9.4,Sensitivity only (yaw rotation deflecting ray along-track)
Attitude,Pitch (cross-track rotation),+0.010 deg,18.28,Sensitivity only (pitch rotation deflecting ray across-track)
Attitude,Yaw (along-track rotation),+0.010 deg,18.8,Sensitivity only (yaw rotation deflecting ray along-track)
Attitude,Pitch (cross-track rotation),+0.050 deg,91.41,Sensitivity only (pitch rotation deflecting ray across-track)
Attitude,Yaw (along-track rotation),+0.050 deg,93.97,Sensitivity only (yaw rotation deflecting ray along-track)
Attitude,Pitch (cross-track rotation),-0.001 deg,1.83,Sensitivity only (pitch rotation deflecting ray across-track)
Attitude,Yaw (along-track rotation),-0.001 deg,1.88,Sensitivity only (yaw rotation deflecting ray along-track)
Attitude,Pitch (cross-track rotation),-0.005 deg,9.14,Sensitivity only (pitch rotation deflecting ray across-track)
Attitude,Yaw (along-track rotation),-0.005 deg,9.4,Sensitivity only (yaw rotation deflecting ray along-track)
Attitude,Pitch (cross-track rotation),-0.010 deg,18.28,Sensitivity only (pitch rotation deflecting ray across-track)
Attitude,Yaw (along-track rotation),-0.010 deg,18.8,Sensitivity only (yaw rotation deflecting ray along-track)
Attitude,Pitch (cross-track rotation),-0.050 deg,91.4,Sensitivity only (pitch rotation deflecting ray across-track)
Attitude,Yaw (along-track rotation),-0.050 deg,94.01,Sensitivity only (yaw rotation deflecting ray along-track)
Position,Spacecraft along-track position,+1.0 m,1.0,Sensitivity only (1:1 horizontal along-track translation)
Position,Spacecraft cross-track position,+1.0 m,1.0,Sensitivity only (1:1 horizontal cross-track translation)
Position,Spacecraft radial altitude,+1.0 m,0.26,Sensitivity only (scales as Delta H * tan(emission_angle))
Position,Spacecraft along-track position,+10.0 m,10.03,Sensitivity only (1:1 horizontal along-track translation)
Position,Spacecraft cross-track position,+10.0 m,10.0,Sensitivity only (1:1 horizontal cross-track translation)
Position,Spacecraft radial altitude,+10.0 m,2.6,Sensitivity only (scales as Delta H * tan(emission_angle))
Position,Spacecraft along-track position,+50.0 m,50.17,Sensitivity only (1:1 horizontal along-track translation)
Position,Spacecraft cross-track position,+50.0 m,50.02,Sensitivity only (1:1 horizontal cross-track translation)
Position,Spacecraft radial altitude,+50.0 m,12.98,Sensitivity only (scales as Delta H * tan(emission_angle))
Position,Spacecraft along-track position,+100.0 m,100.34,Sensitivity only (1:1 horizontal along-track translation)
Position,Spacecraft cross-track position,+100.0 m,100.04,Sensitivity only (1:1 horizontal cross-track translation)
Position,Spacecraft radial altitude,+100.0 m,25.96,Sensitivity only (scales as Delta H * tan(emission_angle))
Position,Spacecraft along-track position,+500.0 m,501.69,Sensitivity only (1:1 horizontal along-track translation)
Position,Spacecraft cross-track position,+500.0 m,500.21,Sensitivity only (1:1 horizontal cross-track translation)
Position,Spacecraft radial altitude,+500.0 m,129.81,Sensitivity only (scales as Delta H * tan(emission_angle))
Position,Spacecraft along-track position,+1000.0 m,1003.34,Sensitivity only (1:1 horizontal along-track translation)
Position,Spacecraft cross-track position,+1000.0 m,1000.41,Sensitivity only (1:1 horizontal cross-track translation)
Position,Spacecraft radial altitude,+1000.0 m,259.63,Sensitivity only (scales as Delta H * tan(emission_angle))
Position,Spacecraft along-track position,-1.0 m,1.0,Sensitivity only (1:1 horizontal along-track translation)
Position,Spacecraft cross-track position,-1.0 m,1.0,Sensitivity only (1:1 horizontal cross-track translation)
Position,Spacecraft radial altitude,-1.0 m,0.26,Sensitivity only (scales as Delta H * tan(emission_angle))
Position,Spacecraft along-track position,-10.0 m,10.03,Sensitivity only (1:1 horizontal along-track translation)
Position,Spacecraft cross-track position,-10.0 m,10.0,Sensitivity only (1:1 horizontal cross-track translation)
Position,Spacecraft radial altitude,-10.0 m,2.6,Sensitivity only (scales as Delta H * tan(emission_angle))
Position,Spacecraft along-track position,-50.0 m,50.17,Sensitivity only (1:1 horizontal along-track translation)
Position,Spacecraft cross-track position,-50.0 m,50.02,Sensitivity only (1:1 horizontal cross-track translation)
Position,Spacecraft radial altitude,-50.0 m,12.98,Sensitivity only (scales as Delta H * tan(emission_angle))
Position,Spacecraft along-track position,-100.0 m,100.34,Sensitivity only (1:1 horizontal along-track translation)
Position,Spacecraft cross-track position,-100.0 m,100.04,Sensitivity only (1:1 horizontal cross-track translation)
Position,Spacecraft radial altitude,-100.0 m,25.96,Sensitivity only (scales as Delta H * tan(emission_angle))
Position,Spacecraft along-track position,-500.0 m,501.73,Sensitivity only (1:1 horizontal along-track translation)
Position,Spacecraft cross-track position,-500.0 m,500.23,Sensitivity only (1:1 horizontal cross-track translation)
Position,Spacecraft radial altitude,-500.0 m,129.81,Sensitivity only (scales as Delta H * tan(emission_angle))
Position,Spacecraft along-track position,-1000.0 m,1003.49,Sensitivity only (1:1 horizontal along-track translation)
Position,Spacecraft cross-track position,-1000.0 m,1000.46,Sensitivity only (1:1 horizontal cross-track translation)
Position,Spacecraft radial altitude,-1000.0 m,259.62,Sensitivity only (scales as Delta H * tan(emission_angle))
Timing,Scanline acquisition time offset,+0.1 lines (+0.34 ms),0.52,Sensitivity only (along-track flight distance during time offset)
Timing,Scanline acquisition time offset,+0.5 lines (+1.68 ms),2.6,Sensitivity only (along-track flight distance during time offset)
Timing,Scanline acquisition time offset,+1.0 lines (+3.36 ms),5.19,Sensitivity only (along-track flight distance during time offset)
Timing,Scanline acquisition time offset,+5.0 lines (+16.81 ms),25.97,Sensitivity only (along-track flight distance during time offset)
Timing,Scanline acquisition time offset,+10.0 lines (+33.63 ms),51.93,Sensitivity only (along-track flight distance during time offset)
Timing,Scanline acquisition time offset,-0.1 lines (-0.34 ms),0.52,Sensitivity only (along-track flight distance during time offset)
Timing,Scanline acquisition time offset,-0.5 lines (-1.68 ms),2.6,Sensitivity only (along-track flight distance during time offset)
Timing,Scanline acquisition time offset,-1.0 lines (-3.36 ms),5.19,Sensitivity only (along-track flight distance during time offset)
Timing,Scanline acquisition time offset,-5.0 lines (-16.81 ms),25.97,Sensitivity only (along-track flight distance during time offset)
Timing,Scanline acquisition time offset,-10.0 lines (-33.63 ms),51.93,Sensitivity only (along-track flight distance during time offset)
Pixel-center,Pixel sampling coordinate convention,-0.5 px (corner convention),2.52,Sensitivity only (sub-pixel focal plane cross-track shift)
Pixel-center,Pixel sampling coordinate convention,+0.5 px (shifted center),2.52,Sensitivity only (sub-pixel focal plane cross-track shift)
Camera mapping,Principal point optical center index,5999.5 (0-indexed array center),0.13,Sensitivity only (0.5 native pixel focal plane offset)
Camera mapping,Principal point optical center index,6000.5 (1-indexed array center),0.13,Sensitivity only (0.5 native pixel focal plane offset)
Native/TIFF scale,Cross-track scale quantization,floor(s_x)=19 vs 19.231,18.88,Sensitivity only (differential swath scale distortion across samples)
DEM resolution,LOLA GDR resolution (Pair 01 center),5m vs 20m DEM (Horizontal),0.07,Sensitivity only (sub-meter horizontal intersection difference in smooth polar terrain)
DEM resolution,LOLA GDR resolution (Pair 01 center),5m vs 20m DEM (3D Vector),0.27,Sensitivity only (combined horizontal and vertical intersection difference)
