evidence_type,id,name,producer,geodetic_frame,local_file,content_test,classification,rationale_summary
CANDIDATE,CAND_B01,ISRO TMC-2 South Polar Ortho-Mosaic (5 m/px),ISRO SAC / ISSDC,"IAU_MOON (selenocentric, R=1737.4 km)",False,NOT_POSSIBLE -- no local file,COMPATIBLE_BUT_UNVERIFIED,"Resolution, projection, radius, and datum style all compatible. No authoritative product label, product ID, or content match available. Non-inference "
CANDIDATE,CAND_B02,NASA LROC WAC Global Mosaic (100 m resampled),NASA / USGS Astrogeology,MOON_ME_DE421,False,NOT_APPLICABLE -- resolution mismatch,MISMATCH,Native resolution 100 m is 20x coarser than delivered 5 m rasters. Genuine 5 m ground detail cannot be present in an upsampled 100 m product.
CANDIDATE,CAND_B03,NASA LROC NAC South Polar Mosaic (resampled to 5 m),NASA / USGS Astrogeology,MOON_ME_DE421,False,NOT_POSSIBLE -- no local file,COMPATIBLE_BUT_UNVERIFIED,A 5 m resampled LROC NAC polar mosaic is technically plausible. MOON_ME_DE421 is authoritative. No local file available for content comparison. No pro
CANDIDATE,CAND_B04,NASA LOLA LDEM 5 m South Polar DEM,NASA GSFC,MOON_ME_DE421,False,NOT_APPLICABLE -- modality mismatch (DEM vs optical uint8),MISMATCH,LOLA is a laser altimeter elevation product (float/int elevation). Delivered rasters are uint8 optical imagery. Modality mismatch rules out direct sou
CANDIDATE,CAND_B05,USGS Astropedia South Polar Optical Mosaic,USGS Astrogeology Science Center,MOON_ME_DE421 (modern products),False,NOT_POSSIBLE -- no local file,COMPATIBLE_BUT_UNVERIFIED,USGS publishes south-polar optical mosaics. Specific product not identified. No product ID in delivered metadata. Compatibility alone is insufficient.
CANDIDATE,CAND_B06,SIH 2026 Benchmark Delivery Container,SIH 2026 Benchmark Organiser,UNKNOWN,True,"N/A -- container layer, not the upstream reference product",PACKAGING_ARTIFACT_DIRECTLY_SUPPORTED,The SIH 2026 benchmark delivery container is directly identified from the delivery directory and naming convention. This establishes only that the ben
CANDIDATE,CAND_B07,ISRO CH-2 TMC-2 Single-Strip Ortho-Image,ISRO SAC,IAU_MOON (MOON_ME via Chandrayaan-2 pipeline),False,NOT_APPLICABLE -- width mismatch,MISMATCH,PAIR_01 reference raster width 5916 px x 5 m = 29.58 km exceeds a single TMC-2 nadir swath (~16 km at 100 km orbit altitude). This width is consistent
DOCUMENTATION,DOC_01,PDS4 XML Product Label (OHRC Level-2 delivery),ISRO / ISSDC,N/A,False,N/A,C -- MERELY DESCRIBED GENERICALLY,<ReferenceUsed>System</ReferenceUsed> -- does not name a specific map product
DOCUMENTATION,DOC_02,"GeoTIFF provenance tags (Software, ImageDescription, Artist, DateTime, Copyright, GDAL_METADATA)",ISRO / ISSDC,N/A,False,N/A,NOT_FOUND_IN_AUDITED_INPUTS,"All provenance TIFF tags (IDs 270, 271, 305, 306, 315, 33432, 42112) are ABSENT from all four delivered reference GeoTIFFs."
DOCUMENTATION,DOC_03,"SIH 2026 benchmark delivery package (directory structure, naming convention)",SIH 2026 Benchmark Organiser,N/A,False,N/A,VERIFIED for container; NOT_FOUND_IN_AUDITED_INPUTS for upstream product,The delivery naming convention <OHRC_ID>_reference_at_5m.tif confirms the benchmark container identity but does not name the upstream reference map pr
DOCUMENTATION,DOC_04,"LROC Instrument Paper (Robinson et al. 2010, Space Sci. Rev.)",NASA / ASU LROC Team,N/A,False,N/A,COMPATIBLE_BUT_UNVERIFIED,Documents LROC geodetic frame as MOON_ME_DE421. Relevant only if delivered reference is from LROC products (unverified).
DOCUMENTATION,DOC_05,Chandrayaan-2 TMC-2 cartographic products (Arya et al. 2021),ISRO SAC,N/A,False,N/A,COMPATIBLE_BUT_UNVERIFIED,Documents TMC-2 5 m ortho-mosaic capability using MOON_ME / IAU_MOON. Relevant only if delivered reference is from TMC-2 products (unverified).
DOCUMENTATION,DOC_06,Lunar South Pole Mosaic Products (Astropedia),USGS Astrogeology Science Center,N/A,False,N/A,COMPATIBLE_BUT_UNVERIFIED,USGS publishes multiple south-polar 5 m optical mosaics. Specific product matching delivered raster has not been identified from available audited inp
