Pair,Corner,X_meta,Y_meta,X_phys,Y_phys,dx,dy,Vector_Mag_m,Vector_Azimuth_deg,Mean_dx_m,Mean_dy_m,Translation_Mag_m,Translation_Azimuth_deg,Post_Trans_Res_m,Post_Trans_RMS_m,Similarity_RMS_m,Similarity_Scale_ppm,Similarity_Rot_arcsec,Affine_RMS_m,Affine_Anisotropy,Affine_Shear_deg,Required_Offset_Mag_m
OHRC_PAIR_01,UL,-14687.1,-6607.06,-12985.91,-7940.67,1701.19,-1333.61,2161.61,128.09,1720.2,-1303.61,2158.36,127.16,35.52,34.8,34.77,-96.4,12.58,0.08,0.02207,-1.0489,2151.17
OHRC_PAIR_01,UR,-16185.96,-9447.12,-14453.08,-10719.12,1732.88,-1272.0,2149.62,126.28,1720.2,-1303.61,2158.36,127.16,34.06,34.8,34.77,-96.4,12.58,0.08,0.02207,-1.0489,2151.17
OHRC_PAIR_01,LL,7394.49,-18927.59,9102.16,-20262.89,1707.67,-1335.3,2167.76,128.02,1720.2,-1303.61,2158.36,127.16,34.08,34.8,34.77,-96.4,12.58,0.08,0.02207,-1.0489,2151.17
OHRC_PAIR_01,LR,5895.79,-21768.45,7634.87,-23041.99,1739.08,-1273.54,2155.53,126.22,1720.2,-1303.61,2158.36,127.16,35.51,34.8,34.77,-96.4,12.58,0.08,0.02207,-1.0489,2151.17
OHRC_PAIR_02,UL,74030.77,147044.95,74340.89,148272.81,310.12,1227.86,1266.42,14.17,283.56,1232.74,1264.93,12.95,27.01,23.25,22.51,-321.3,-67.73,0.01,0.01379,0.2417,1260.72
OHRC_PAIR_02,UR,77306.51,146540.15,77571.41,147774.37,264.9,1234.22,1262.33,12.11,283.56,1232.74,1264.93,12.95,18.71,23.25,22.51,-321.3,-67.73,0.01,0.01379,0.2417,1260.72
OHRC_PAIR_02,LL,70340.62,122157.99,70642.86,123389.24,302.24,1231.25,1267.8,13.79,283.56,1232.74,1264.93,12.95,18.74,23.25,22.51,-321.3,-67.73,0.01,0.01379,0.2417,1260.72
OHRC_PAIR_02,LR,73618.91,121652.04,73875.87,122889.67,256.96,1237.63,1264.02,11.73,283.56,1232.74,1264.93,12.95,27.04,23.25,22.51,-321.3,-67.73,0.01,0.01379,0.2417,1260.72
OHRC_PAIR_03,UL,67495.2,150128.72,67842.09,152209.68,346.89,2080.96,2109.67,9.46,274.78,1677.59,1699.94,9.3,409.77,409.32,68.96,31541.0,-62.91,0.02,0.04454,0.6079,1694.28
OHRC_PAIR_03,UR,70561.88,149764.53,70869.5,151849.67,307.62,2085.14,2107.71,8.39,274.78,1677.59,1699.94,9.3,408.87,409.32,68.96,31541.0,-62.91,0.02,0.04454,0.6079,1694.28
OHRC_PAIR_03,LL,64482.36,124913.23,64724.28,126183.28,241.92,1270.05,1292.89,10.78,274.78,1677.59,1699.94,9.3,408.86,409.32,68.96,31541.0,-62.91,0.02,0.04454,0.6079,1694.28
OHRC_PAIR_03,LR,67551.81,124547.96,67754.5,125822.16,202.69,1274.2,1290.22,9.04,274.78,1677.59,1699.94,9.3,409.78,409.32,68.96,31541.0,-62.91,0.02,0.04454,0.6079,1694.28
OHRC_PAIR_04,UL,96610.01,161948.5,97250.63,164035.96,640.62,2087.46,2183.55,17.06,627.35,2088.93,2181.1,16.72,13.35,10.72,10.25,21.9,-49.94,0.01,0.00682,0.1931,2173.84
OHRC_PAIR_04,UR,99505.57,161018.26,100126.27,163109.89,620.7,2091.63,2181.78,16.53,627.35,2088.93,2181.1,16.72,7.18,10.72,10.25,21.9,-49.94,0.01,0.00682,0.1931,2173.84
OHRC_PAIR_04,LL,89683.67,137270.18,90317.67,139356.4,634.0,2086.22,2180.43,16.9,627.35,2088.93,2181.1,16.72,7.18,10.72,10.25,21.9,-49.94,0.01,0.00682,0.1931,2173.84
OHRC_PAIR_04,LR,92574.77,136340.31,93188.85,138430.73,614.08,2090.42,2178.75,16.37,627.35,2088.93,2181.1,16.72,13.35,10.72,10.25,21.9,-49.94,0.01,0.00682,0.1931,2173.84
