pair,corner,src_lat,src_lon,ref_E_m,ref_N_m,A_src_E_m,A_src_N_m,A_dE_m,A_dN_m,A_mag_m,A_azimuth_deg,B_src_E_m,B_src_N_m,B_dE_m,B_dN_m,B_mag_m,B_azimuth_deg,delta_mag_m,delta_E_m,delta_N_m,phase23a5_baseline_m,reproduce_error_m
OHRC_PAIR_01,UL,-89.498037,238.554907,-14687.1,-6607.06,-12985.905,-7940.665,1701.195,-1333.605,2161.612,128.09,-12845.343,-8166.091,1841.757,-1559.031,2413.016,130.25,251.404,140.562,-225.426,2161.61,0.002
OHRC_PAIR_01,UR,-89.406595,233.437538,-16185.96,-9447.12,-14453.075,-10719.116,1732.885,-1271.996,2149.62,126.28,-14263.799,-10969.724,1922.161,-1522.604,2452.147,128.38,302.527,189.276,-250.608,2149.62,0.0
OHRC_PAIR_01,LL,-89.26746,155.810211,7394.49,-18927.59,9102.161,-20262.884,1707.671,-1335.294,2167.752,128.02,9454.411,-20100.943,2059.921,-1173.353,2370.66,119.67,202.908,352.25,161.941,2167.77,0.018
OHRC_PAIR_01,LR,-89.199509,161.667599,5895.79,-21768.45,7634.873,-23042.006,1739.083,-1273.556,2155.541,126.22,8035.849,-22905.25,2140.059,-1136.8,2423.255,117.98,267.714,400.976,136.756,2155.53,0.011
OHRC_PAIR_02,UL,-84.534252,26.62823,74030.77,147044.95,74340.892,148272.815,310.122,1227.865,1266.424,14.17,71741.852,149547.66,-2288.918,2502.71,3391.563,317.55,2125.139,-2599.04,1274.845,1266.42,0.004
OHRC_PAIR_02,UR,-84.500318,27.696392,77306.51,146540.15,77571.413,147774.379,264.903,1234.229,1262.337,12.11,74980.58,149105.68,-2325.93,2565.53,3462.931,317.8,2200.594,-2590.833,1331.301,1262.33,0.007
OHRC_PAIR_02,LL,-85.313799,29.792019,70340.62,122157.99,70642.861,123389.24,302.241,1231.25,1267.804,13.79,68478.663,124603.336,-1861.957,2445.346,3073.532,322.71,1805.728,-2164.198,1214.095,1267.8,0.004
OHRC_PAIR_02,LR,-85.274117,31.012436,73618.91,121652.04,73875.876,122889.679,256.966,1237.639,1264.034,11.73,71719.904,124160.274,-1899.006,2508.234,3146.023,322.87,1881.989,-2155.972,1270.595,1264.02,0.014
OHRC_PAIR_03,UL,-84.508629,24.023233,67495.2,150128.72,67842.089,152209.692,346.889,2080.972,2109.686,9.46,65175.331,153370.517,-2319.869,3241.797,3986.357,324.41,1876.671,-2666.758,1160.825,2109.67,0.016
OHRC_PAIR_03,UR,-84.478065,25.018852,70561.88,149764.53,70869.502,151849.673,307.622,2085.143,2107.713,8.39,68208.566,153063.389,-2353.314,3298.859,4052.229,324.5,1944.516,-2660.936,1213.716,2107.71,0.003
OHRC_PAIR_03,LL,-85.32584,27.155041,64482.36,124913.23,64724.281,126183.277,241.921,1270.047,1292.883,10.78,62512.221,127293.653,-1970.139,2380.423,3089.962,320.39,1797.079,-2212.06,1110.376,1292.88,0.003
OHRC_PAIR_03,LR,-85.289944,28.302206,67551.81,124547.96,67754.498,125822.153,202.688,1274.193,1290.213,9.04,65548.279,126985.469,-2003.531,2437.509,3155.247,320.58,1865.034,-2206.219,1163.316,1290.22,0.007
OHRC_PAIR_04,UL,-83.717507,30.662076,96610.01,161948.5,97250.623,164035.947,640.613,2087.447,2183.534,17.06,94372.989,165708.221,-2237.021,3759.721,4374.902,329.25,2191.368,-2877.634,1672.274,2183.55,0.016
OHRC_PAIR_04,UR,-83.694736,31.544005,99505.57,161018.26,100126.262,163109.881,620.692,2091.621,2181.774,16.53,97264.352,164832.483,-2241.218,3814.223,4423.952,329.56,2242.178,-2861.91,1722.602,2181.78,0.006
OHRC_PAIR_04,LL,-84.527701,32.947499,89683.67,137270.18,90317.66,139356.392,633.99,2086.212,2180.418,16.9,87871.8,140911.428,-1811.87,3641.248,4067.132,333.55,1886.714,-2445.86,1555.036,2180.43,0.012
OHRC_PAIR_04,LR,-84.501044,33.947666,92574.77,136340.31,93188.846,138430.724,614.076,2090.414,2178.743,16.37,90758.704,140036.01,-1816.066,3695.7,4117.802,333.83,1939.059,-2430.142,1605.286,2178.75,0.007
