pair_id,point_label,pixel_col,pixel_row,E_rasterio,N_rasterio,lat_geo,lon_geo,E_proj,N_proj,E_our_lam0,N_our_lam0,diff_m,central_meridian_rasterio,central_meridian_pyproj,central_meridian_raw_key3095,scale_factor_raw_key3092
OHRC_PAIR_01,UL_corner,0,0,-19184.5,-3605.5,-89.3562664,-100.6439065,-19184.5,-3605.5,-19184.5,-3605.5,3e-09,0,0.0,0.0,1.0
OHRC_PAIR_01,UR_corner,5915,0,10390.5,-3605.5,-89.6373012,109.136757,10390.5,-3605.5,10390.5,-3605.5,5e-09,0,0.0,0.0,1.0
OHRC_PAIR_01,LL_corner,0,4231,-19184.5,-24760.5,-88.9670632,-142.2313822,-19184.5,-24760.5,-19184.5,-24760.5,3e-09,0,0.0,0.0,1.0
OHRC_PAIR_01,LR_corner,5915,4231,10390.5,-24760.5,-89.1144862,157.2351226,10390.5,-24760.5,10390.5,-24760.5,6e-09,0,0.0,0.0,1.0
OHRC_PAIR_01,Center,2958,2116,-4394.5,-14185.5,-89.5102619,-162.7876377,-4394.5,-14185.5,-4394.5,-14185.5,8e-09,0,0.0,0.0,1.0
OHRC_PAIR_01,Top_mid,2958,0,-4394.5,-3605.5,-89.812544,-129.3674191,-4394.5,-3605.5,-4394.5,-3605.5,1.5e-08,0,0.0,0.0,1.0
OHRC_PAIR_01,Bottom_mid,2958,4231,-4394.5,-24760.5,-89.1707049,-169.9359271,-4394.5,-24760.5,-4394.5,-24760.5,1e-09,0,0.0,0.0,1.0
OHRC_PAIR_01,Left_mid,0,2116,-19184.5,-14185.5,-89.2131781,-126.4801495,-19184.5,-14185.5,-19184.5,-14185.5,4e-09,0,0.0,0.0,1.0
OHRC_PAIR_01,Right_mid,5915,2116,10390.5,-14185.5,-89.4201276,143.7782192,10390.5,-14185.5,10390.5,-14185.5,4e-09,0,0.0,0.0,1.0
OHRC_PAIR_02,UL_corner,0,0,67340.5,150044.5,-84.5804007,24.1707109,67340.5,150044.5,67340.5,150044.5,0.0,0,0.0,0.0,1.0
OHRC_PAIR_02,UR_corner,2592,0,80300.5,150044.5,-84.392276,28.1547052,80300.5,150044.5,80300.5,150044.5,0.0,0,0.0,0.0,1.0
OHRC_PAIR_02,LL_corner,0,6278,67340.5,118654.5,-85.5030778,29.5763975,67340.5,118654.5,67340.5,118654.5,1e-09,0,0.0,0.0,1.0
OHRC_PAIR_02,LR_corner,2592,6278,80300.5,118654.5,-85.2778447,34.0885304,80300.5,118654.5,80300.5,118654.5,1e-09,0,0.0,0.0,1.0
OHRC_PAIR_02,Center,1296,3139,73820.5,134349.5,-84.9479418,28.7873041,73820.5,134349.5,73820.5,134349.5,0.0,0,0.0,0.0,1.0
OHRC_PAIR_02,Top_mid,1296,0,73820.5,150044.5,-84.4896605,26.1967575,73820.5,150044.5,73820.5,150044.5,0.0,0,0.0,0.0,1.0
OHRC_PAIR_02,Bottom_mid,1296,6278,73820.5,118654.5,-85.3940238,31.8876703,73820.5,118654.5,73820.5,118654.5,0.0,0,0.0,0.0,1.0
OHRC_PAIR_02,Left_mid,0,3139,67340.5,134349.5,-85.0471201,26.6215729,67340.5,134349.5,67340.5,134349.5,1e-09,0,0.0,0.0,1.0
OHRC_PAIR_02,Right_mid,2592,3139,80300.5,134349.5,-84.841846,30.8666993,80300.5,134349.5,80300.5,134349.5,1e-09,0,0.0,0.0,1.0
OHRC_PAIR_03,UL_corner,0,0,61480.5,153129.5,-84.5623844,21.8751401,61480.5,153129.5,61480.5,153129.5,0.0,0,0.0,0.0,1.0
OHRC_PAIR_03,UR_corner,2415,0,73555.5,153129.5,-84.4021891,25.6572244,73555.5,153129.5,73555.5,153129.5,0.0,0,0.0,0.0,1.0
OHRC_PAIR_03,LL_corner,0,6315,61480.5,121554.5,-85.5101167,26.8296235,61480.5,121554.5,61480.5,121554.5,0.0,0,0.0,0.0,1.0
OHRC_PAIR_03,LR_corner,2415,6315,73555.5,121554.5,-85.3172053,31.1791233,73555.5,121554.5,73555.5,121554.5,1e-09,0,0.0,0.0,1.0
OHRC_PAIR_03,Center,1208,3158,67520.5,137339.5,-84.956333,26.1802103,67520.5,137339.5,67520.5,137339.5,0.0,0,0.0,0.0,1.0
OHRC_PAIR_03,Top_mid,1208,0,67520.5,153129.5,-84.4852506,23.7944691,67520.5,153129.5,67520.5,153129.5,0.0,0,0.0,0.0,1.0
OHRC_PAIR_03,Bottom_mid,1208,6315,67520.5,121554.5,-85.4169162,29.0510821,67520.5,121554.5,67520.5,121554.5,0.0,0,0.0,0.0,1.0
OHRC_PAIR_03,Left_mid,0,3158,61480.5,137339.5,-85.0408315,24.1158403,61480.5,137339.5,61480.5,137339.5,1e-09,0,0.0,0.0,1.0
OHRC_PAIR_03,Right_mid,2415,3158,73555.5,137339.5,-84.8655994,28.1723556,73555.5,137339.5,73555.5,137339.5,0.0,0,0.0,0.0,1.0
OHRC_PAIR_04,UL_corner,0,0,86685.5,164949.5,-83.8607707,27.7231612,86685.5,164949.5,86685.5,164949.5,1e-09,0,0.0,0.0,1.0
OHRC_PAIR_04,UR_corner,3163,0,102500.5,164949.5,-83.6022611,31.8570386,102500.5,164949.5,102500.5,164949.5,1e-09,0,0.0,0.0,1.0
OHRC_PAIR_04,LL_corner,0,6321,86685.5,133344.5,-84.7587089,33.0273638,86685.5,133344.5,86685.5,133344.5,1e-09,0,0.0,0.0,1.0
OHRC_PAIR_04,LR_corner,3163,6321,102500.5,133344.5,-84.4578499,37.5490987,102500.5,133344.5,102500.5,133344.5,0.0,0,0.0,0.0,1.0
OHRC_PAIR_04,Center,1582,3161,94595.5,149144.5,-84.180662,32.3850779,94595.5,149144.5,94595.5,149144.5,1e-09,0,0.0,0.0,1.0
OHRC_PAIR_04,Top_mid,1582,0,94595.5,164949.5,-83.7355356,29.8334769,94595.5,164949.5,94595.5,164949.5,0.0,0,0.0,0.0,1.0
OHRC_PAIR_04,Bottom_mid,1582,6321,94595.5,133344.5,-84.6124101,35.3521501,94595.5,133344.5,94595.5,133344.5,1e-09,0,0.0,0.0,1.0
OHRC_PAIR_04,Left_mid,0,3161,86685.5,149144.5,-84.3157704,30.1659343,86685.5,149144.5,86685.5,149144.5,1e-09,0,0.0,0.0,1.0
OHRC_PAIR_04,Right_mid,3163,3161,102500.5,149144.5,-84.0373524,34.4990411,102500.5,149144.5,102500.5,149144.5,0.0,0,0.0,0.0,1.0
