candidate_key,pair_id,dx_m,dy_m,n_candidates,n_inliers,inlier_ratio,spatial_occupancy,spatial_cv,n_final_inliers,gate_min_candidates,gate_min_initial_inliers,gate_min_inlier_ratio,gate_min_occupancy,gate_downstream_min_inliers,gate_held_out_valid,gate_all_pass,failure_class,held_out_valid,mean_check_rmse,fit_rmse,loftr_runtime_s
OHRC_PAIR_02__dx-3000m_dy-3000m,OHRC_PAIR_02,-3000,-3000,241,5,0.02075,0.3333,1.7205,0,True,False,False,False,False,False,False,F3,False,,,17.14
OHRC_PAIR_02__dx-3000m_dy-1000m,OHRC_PAIR_02,-3000,-1000,234,5,0.02137,0.4444,1.2329,0,True,False,False,False,False,False,False,F3,False,,,22.59
OHRC_PAIR_02__dx-3000m_dy+3000m,OHRC_PAIR_02,-3000,3000,192,6,0.03125,0.4444,1.4142,0,True,False,False,False,False,False,False,F3,False,,,16.75
OHRC_PAIR_02__dx-2000m_dy+1000m,OHRC_PAIR_02,-2000,1000,247,6,0.02429,0.4444,1.4142,0,True,False,False,False,False,False,False,F3,False,,,33.66
OHRC_PAIR_02__dx-1000m_dy-1000m,OHRC_PAIR_02,-1000,-1000,248,6,0.02419,0.5556,1.0,0,True,False,False,False,False,False,False,F3,False,,,23.37
OHRC_PAIR_02__dx+0m_dy-2000m,OHRC_PAIR_02,0,-2000,210,6,0.02857,0.4444,1.2247,0,True,False,False,False,False,False,False,F3,False,,,16.32
OHRC_PAIR_02__dx+0m_dy+1000m,OHRC_PAIR_02,0,1000,240,6,0.025,0.2222,2.0,0,True,False,False,False,False,False,False,F3,False,,,16.53
OHRC_PAIR_02__dx+1000m_dy-1000m,OHRC_PAIR_02,1000,-1000,240,6,0.025,0.3333,1.5811,0,True,False,False,False,False,False,False,F3,False,,,16.51
OHRC_PAIR_02__dx+1000m_dy+3000m,OHRC_PAIR_02,1000,3000,261,6,0.02299,0.3333,1.5811,0,True,False,False,False,False,False,False,F3,False,,,16.72
OHRC_PAIR_02__dx+2000m_dy-2000m,OHRC_PAIR_02,2000,-2000,253,6,0.02372,0.4444,1.2247,0,True,False,False,False,False,False,False,F3,False,,,17.07
OHRC_PAIR_02__dx+2000m_dy-1000m,OHRC_PAIR_02,2000,-1000,258,7,0.02713,0.4444,1.5779,0,True,False,False,False,False,False,False,F3,False,,,17.36
OHRC_PAIR_02__dx+3000m_dy+2000m,OHRC_PAIR_02,3000,2000,232,6,0.02586,0.3333,1.5811,0,True,False,False,False,False,False,False,F3,False,,,16.43
OHRC_PAIR_02__dx+3000m_dy+3000m,OHRC_PAIR_02,3000,3000,272,6,0.02206,0.3333,1.8708,0,True,False,False,False,False,False,False,F3,False,,,20.65
OHRC_PAIR_03__dx-3000m_dy-2000m,OHRC_PAIR_03,-3000,-2000,196,5,0.02551,0.4444,1.2329,0,True,False,False,False,False,False,False,F3,False,,,19.38
OHRC_PAIR_03__dx-3000m_dy+2000m,OHRC_PAIR_03,-3000,2000,217,5,0.02304,0.4444,1.2329,0,True,False,False,False,False,False,False,F3,False,,,16.12
OHRC_PAIR_03__dx+1000m_dy+2000m,OHRC_PAIR_03,1000,2000,179,6,0.03352,0.3333,1.5811,0,True,False,False,False,False,False,False,F3,False,,,15.85
