pair,dem_resolution,sample_name,delivered_u,delivered_v,native_u,native_v,scanline_time_UTC,ET,spacecraft_X,spacecraft_Y,spacecraft_Z,ray_X,ray_Y,ray_Z,intersection_status,intersection_lat,intersection_lon,intersection_elevation,sphere_lat,sphere_lon,sphere_elevation,DEM_vs_sphere_displacement_m,emission_angle_deg,polar_x_dem,polar_y_dem,polar_x_meta,polar_y_meta,meta_residual_m,ref_u,ref_v
OHRC_PAIR_01,20m,CENTER,312,2436,6009.115,46855.115,2024-12-07T12:21:40.516746,786846169.699993,-37059.145,15496.466,-1837728.344,0.206781,-0.174236,0.962748,INTERSECTED,-89.48677,190.539248,-948.256,-89.481447,189.789884,0.0,983.398,15.37,-2846.604,-15300.398,-4395.697,-14187.556,1907.382,3268.08,2339.48
OHRC_PAIR_01,20m,TOP_MID,312,487,6009.115,9374.469,2024-12-07T12:21:33.962758,786846163.146005,-31841.852,6150.435,-1837874.079,0.204028,-0.169365,0.964203,INTERSECTED,-89.48479,228.366409,-910.833,-89.484715,227.448436,0.0,944.588,15.37,-11676.767,-10379.367,-13229.27,-9258.68,1914.734,1502.05,1355.27
OHRC_PAIR_01,20m,BOTTOM_MID,312,4384,6009.115,84316.531,2024-12-07T12:21:47.067372,786846176.250619,-42272.161,24837.353,-1837520.436,0.209503,-0.179119,0.961262,INTERSECTED,-89.302078,163.433726,-673.449,-89.296542,163.223713,0.0,698.4,15.36,6034.257,-20285.118,4433.344,-19113.903,1983.6,5044.25,3336.42
OHRC_PAIR_01,20m,LEFT_MID,62,2436,1201.423,46855.115,2024-12-07T12:21:40.516746,786846169.699993,-37059.145,15496.466,-1837728.344,0.217208,-0.168391,0.961491,INTERSECTED,-89.526293,188.975524,-884.225,-89.520794,188.250652,0.0,918.165,15.63,-2241.038,-14188.581,-3795.224,-13049.55,1926.885,3389.19,2117.12
OHRC_PAIR_01,20m,RIGHT_MID,561,2436,10797.577,46855.115,2024-12-07T12:21:40.516746,786846169.699993,-37059.145,15496.466,-1837728.344,0.196367,-0.180033,0.963861,INTERSECTED,-89.447069,191.865049,-1001.461,-89.44203,191.104213,0.0,1037.424,15.13,-3447.384,-16408.609,-4993.768,-15321.01,1890.549,3147.92,2561.12
OHRC_PAIR_01,20m,TOP_LEFT,62,487,1201.423,9374.469,2024-12-07T12:21:33.962758,786846163.146005,-31841.852,6150.435,-1837874.079,0.214457,-0.163526,0.962947,INTERSECTED,-89.523849,230.083625,-861.929,-89.523659,229.127084,0.0,895.014,15.63,-11074.127,-9264.786,-12628.77,-8120.803,1930.185,1622.57,1132.36
OHRC_PAIR_01,20m,TOP_RIGHT,561,487,10797.577,9374.469,2024-12-07T12:21:33.962758,786846163.146005,-31841.852,6150.435,-1837874.079,0.193611,-0.175156,0.965316,INTERSECTED,-89.445529,226.962498,-1026.89,-89.445637,226.015934,0.0,1063.769,15.14,-12289.143,-11474.858,-13827.368,-10392.006,1881.145,1379.57,1574.37
OHRC_PAIR_01,20m,BOTTOM_LEFT,62,4384,1201.423,84316.531,2024-12-07T12:21:47.067372,786846176.250619,-42272.161,24837.353,-1837520.436,0.219926,-0.173268,0.960006,INTERSECTED,-89.332764,160.967502,-836.651,-89.325504,160.743406,0.0,868.763,15.63,6598.089,-19126.992,5033.791,-17975.769,1942.252,5157.02,3104.8
OHRC_PAIR_01,20m,BOTTOM_RIGHT,561,4384,10797.577,84316.531,2024-12-07T12:21:47.067372,786846176.250619,-42272.161,24837.353,-1837520.436,0.199091,-0.18492,0.962376,INTERSECTED,-89.270686,165.675212,-532.354,-89.266565,165.49064,0.0,551.465,15.13,5471.787,-21427.938,3835.299,-20247.485,2017.811,4931.76,3564.99
OHRC_PAIR_02,20m,CENTER,324,2529,6008.759,46845.5,2025-02-08T14:02:53.949275,792295443.134252,117994.953,77204.182,-1837859.922,0.159224,-0.029786,0.986793,INTERSECTED,-84.876052,28.490559,-4396.842,-84.907868,28.662265,0.0,4524.928,13.68,74165.608,136649.749,73824.568,134351.241,2323.67,1365.52,2679.45
OHRC_PAIR_02,20m,TOP_MID,324,506,6008.759,84311.188,2025-02-08T14:03:00.500732,792295449.685709,128515.675,78753.861,-1837028.637,0.153569,-0.030658,0.987662,INTERSECTED,-84.575722,27.350031,-2770.154,-84.59594,27.447642,0.0,2850.766,13.67,75623.816,146205.072,75299.68,144303.302,1929.195,1657.16,768.39
OHRC_PAIR_02,20m,BOTTOM_MID,324,4552,6008.759,9379.812,2025-02-08T14:02:47.397818,792295436.582795,107470.342,75651.541,-1838629.457,0.164867,-0.028905,0.985892,INTERSECTED,-85.187118,29.850909,-4209.355,-85.217218,30.034467,0.0,4331.969,13.68,72684.974,126654.04,72349.456,124399.181,2279.685,1069.39,4678.59
OHRC_PAIR_02,20m,LEFT_MID,65,2529,1212.463,46845.5,2025-02-08T14:02:53.949275,792295443.134252,117994.953,77204.182,-1837859.922,0.161011,-0.04162,0.986075,INTERSECTED,-84.890905,28.014766,-4414.36,-84.922339,28.205053,0.0,4544.732,13.77,72816.334,136862.507,72514.773,134553.234,2328.879,1095.67,2636.9
OHRC_PAIR_02,20m,RIGHT_MID,582,2529,10786.537,46845.5,2025-02-08T14:02:53.949275,792295443.134252,117994.953,77204.182,-1837859.922,0.157422,-0.017993,0.987368,INTERSECTED,-84.860381,28.958754,-4451.857,-84.893135,29.114815,0.0,4580.513,13.63,75510.304,136455.769,75129.306,134150.029,2337.006,1634.46,2718.25
OHRC_PAIR_02,20m,TOP_LEFT,65,506,1212.463,84311.188,2025-02-08T14:03:00.500732,792295449.685709,128515.675,78753.861,-1837028.637,0.155357,-0.042492,0.986944,INTERSECTED,-84.589493,26.904829,-2790.528,-84.609553,27.013942,0.0,2872.854,13.76,74296.12,146415.065,73990.292,144505.111,1934.284,1391.62,726.39
OHRC_PAIR_02,20m,TOP_RIGHT,582,506,10786.537,84311.188,2025-02-08T14:03:00.500732,792295449.685709,128515.675,78753.861,-1837028.637,0.151765,-0.018865,0.988237,INTERSECTED,-84.561427,27.789678,-2785.228,-84.582075,27.877201,0.0,2865.632,13.62,76946.01,146004.845,76604.014,144102.273,1933.066,1921.6,808.43
OHRC_PAIR_02,20m,BOTTOM_LEFT,65,4552,1212.463,9379.812,2025-02-08T14:02:47.397818,792295436.582795,107470.342,75651.541,-1838629.457,0.166652,-0.04074,0.985174,INTERSECTED,-85.20364,29.354011,-4127.585,-85.232651,29.551636,0.0,4249.47,13.77,71337.814,126842.171,71039.254,124601.357,2260.617,799.96,4640.97
OHRC_PAIR_02,20m,BOTTOM_RIGHT,582,4552,10786.537,9379.812,2025-02-08T14:02:47.397818,792295436.582795,107470.342,75651.541,-1838629.457,0.163066,-0.017112,0.986467,INTERSECTED,-85.170061,30.341754,-4320.673,-85.201512,30.512001,0.0,4445.532,13.63,74029.057,126473.875,73654.599,124197.785,2306.687,1338.21,4714.62
OHRC_PAIR_03,20m,CENTER,300,2526,6009.5,50546.499,2025-03-08T01:28:01.133373,794669350.318856,119371.798,67825.582,-1830132.399,0.190883,-0.001565,0.981612,INTERSECTED,-84.871489,25.884021,-3534.335,-84.902736,25.999521,0.0,3672.152,15.76,67934.98,140005.925,67523.407,137343.6,2693.95,1291.4,2625.21
OHRC_PAIR_03,20m,TOP_MID,300,505,6009.5,90964.1,2025-03-08T01:28:07.896325,794669357.081808,130329.717,69126.653,-1829273.816,0.185008,-0.002312,0.982734,INTERSECTED,-84.555754,24.736264,-2241.354,-84.575682,24.80086,0.0,2328.68,15.75,69131.689,150052.833,68727.631,147427.02,2656.719,1530.74,615.83
OHRC_PAIR_03,20m,BOTTOM_MID,300,4548,6009.5,10108.9,2025-03-08T01:27:54.367075,794669343.552558,108404.195,66521.012,-1830924.972,0.196756,-0.000815,0.980452,INTERSECTED,-85.195354,27.225355,-3653.257,-85.227397,27.36187,0.0,3795.731,15.77,66692.373,129628.189,66318.587,127255.191,2402.255,1042.87,4700.76
OHRC_PAIR_03,20m,LEFT_MID,60,2526,1209.5,50546.499,2025-03-08T01:28:01.133373,794669350.318856,119371.798,67825.582,-1830132.399,0.192311,-0.013473,0.981241,INTERSECTED,-84.885933,25.446117,-3424.582,-84.915803,25.571635,0.0,3558.201,15.77,66674.4,140124.769,66296.18,137489.495,2662.278,1039.28,2601.45
OHRC_PAIR_03,20m,RIGHT_MID,539,2526,10789.5,50546.499,2025-03-08T01:28:01.133373,794669350.318856,119371.798,67825.582,-1830132.399,0.189433,0.010294,0.98184,INTERSECTED,-84.856598,26.318105,-3662.763,-84.889435,26.423446,0.0,3806.116,15.79,69194.333,139892.784,68745.52,137198.314,2731.594,1543.27,2647.84
OHRC_PAIR_03,20m,TOP_LEFT,60,505,1209.5,90964.1,2025-03-08T01:28:07.896325,794669357.081808,130329.717,69126.653,-1829273.816,0.186437,-0.014221,0.982364,INTERSECTED,-84.568516,24.324054,-2214.387,-84.587956,24.396254,0.0,2300.72,15.76,67890.604,150192.867,67500.848,147572.741,2648.956,1282.52,587.83
OHRC_PAIR_03,20m,TOP_RIGHT,539,505,10789.5,90964.1,2025-03-08T01:28:07.896325,794669357.081808,130329.717,69126.653,-1829273.816,0.183559,0.009547,0.982962,INTERSECTED,-84.541697,25.142153,-2384.939,-84.563185,25.201968,0.0,2478.204,15.78,70374.436,149946.056,69949.302,147281.906,2697.857,1779.29,637.19
OHRC_PAIR_03,20m,BOTTOM_LEFT,60,4548,1209.5,10108.9,2025-03-08T01:27:54.367075,794669343.552558,108404.195,66521.012,-1830924.972,0.198184,-0.012723,0.980082,INTERSECTED,-85.211241,26.763634,-3483.739,-85.24136,26.908395,0.0,3619.68,15.77,65428.289,129730.531,65090.916,127401.259,2353.578,790.06,4680.29
OHRC_PAIR_03,20m,BOTTOM_RIGHT,539,4548,10789.5,10108.9,2025-03-08T01:27:54.367075,794669343.552558,108404.195,66521.012,-1830924.972,0.195305,0.011044,0.98068,INTERSECTED,-85.178887,27.682724,-3853.146,-85.21319,27.810819,0.0,4003.978,15.79,67957.391,129534.641,67541.143,127109.732,2460.375,1295.88,4719.47
OHRC_PAIR_04,20m,CENTER,276,2324,6010.37,50536.5,2025-10-12T04:58:29.291927,813517178.474281,118801.965,98216.335,-1822698.098,0.320922,-0.032475,0.946549,INTERSECTED,-84.068745,31.963022,-3389.087,-84.111619,32.198022,0.0,3702.72,23.78,95295.567,152724.029,94594.249,149146.966,3645.165,1722.51,2445.59
OHRC_PAIR_04,20m,TOP_MID,276,465,6010.37,90953.055,2025-10-12T04:58:35.843262,813517185.025616,129123.923,101112.34,-1821864.021,0.31556,-0.034066,0.948294,OUTSIDE_DEM,N/A,N/A,N/A,-83.787626,31.312913,0.0,N/A,N/A,N/A,N/A,97364.782,159015.036,N/A,N/A,N/A
OHRC_PAIR_04,20m,BOTTOM_MID,276,4183,6010.37,10119.945,2025-10-12T04:58:22.740591,813517171.922945,108476.049,95316.587,-1823469.508,0.326273,-0.030889,0.944771,INTERSECTED,-84.39368,32.941666,-3224.837,-84.434074,33.18526,0.0,3523.229,23.77,92518.564,142784.143,91823.716,139278.896,3573.453,1167.11,4433.57
OHRC_PAIR_04,20m,LEFT_MID,55,2324,1206.022,50536.5,2025-10-12T04:58:29.291927,813517178.474281,118801.965,98216.335,-1822698.098,0.324207,-0.043918,0.944966,INTERSECTED,-84.078513,31.57317,-3402.261,-84.121345,31.821474,0.0,3722.478,23.96,94098.702,153115.87,93435.87,149519.326,3657.114,1483.14,2367.23
OHRC_PAIR_04,20m,RIGHT_MID,496,2324,10792.978,50536.5,2025-10-12T04:58:29.291927,813517178.474281,118801.965,98216.335,-1822698.098,0.317606,-0.021079,0.947989,INTERSECTED,-84.057881,32.344114,-3445.59,-84.101703,32.570614,0.0,3759.683,23.61,96485.987,152365.885,95747.387,148776.291,3664.794,1960.6,2517.22
OHRC_PAIR_04,20m,TOP_LEFT,55,465,1206.022,90953.055,2025-10-12T04:58:35.843262,813517185.025616,129123.923,101112.34,-1821864.021,0.318851,-0.045508,0.946712,OUTSIDE_DEM,N/A,N/A,N/A,-83.796768,30.954539,0.0,N/A,N/A,N/A,N/A,96205.689,159387.455,N/A,N/A,N/A
OHRC_PAIR_04,20m,TOP_RIGHT,496,465,10792.978,90953.055,2025-10-12T04:58:35.843262,813517185.025616,129123.923,101112.34,-1821864.021,0.312238,-0.022672,0.949733,OUTSIDE_DEM,N/A,N/A,N/A,-83.7783,31.667653,0.0,N/A,N/A,N/A,N/A,98518.631,158644.302,N/A,N/A,N/A
OHRC_PAIR_04,20m,BOTTOM_LEFT,55,4183,1206.022,10119.945,2025-10-12T04:58:22.740591,813517171.922945,108476.049,95316.587,-1823469.508,0.329552,-0.042334,0.943188,INTERSECTED,-84.404734,32.535856,-3187.305,-84.444449,32.788799,0.0,3487.239,23.96,91324.251,143152.587,90666.052,139651.196,3562.718,928.25,4359.88
OHRC_PAIR_04,20m,BOTTOM_RIGHT,496,4183,10792.978,10119.945,2025-10-12T04:58:22.740591,813517171.922945,108476.049,95316.587,-1823469.508,0.322963,-0.019491,0.946211,INTERSECTED,-84.382251,33.34239,-3274.636,-84.423501,33.577387,0.0,3573.102,23.61,93705.871,142423.813,92976.142,138908.28,3590.471,1404.57,4505.64
