claim_id,category,parameter,source,url_or_path,document_or_product_name,exact_metadata_or_quoted_phrase,status,relevance_to_reference_raster,comparison_to_residual
CLAIM_01,Cartographic_Projection,Map Projection Type,"Embedded GeoTIFF Tag 34735 (GeoKey 1024, 3075)",OHRXXD18CHO2359602NNNN24342131250969_V1_0_03_reference_at_5m.tif,Mentor Reference GeoTIFF Headers (Pairs 01–04),"GTModelTypeGeoKey = 1 (ModelTypeProjected), ProjCoordTransGeoKey = 15 (CT_PolarStereographic)",VERIFIED,Establishes reference raster uses Polar Stereographic projected coordinates.,"COMPATIBLE_WITH: Projection equation is exact, but does not identify physical frame realization."
CLAIM_02,Cartographic_Origin,Projection Center & Standard Origin,"Embedded GeoTIFF Tag 34735 (GeoKey 3081, 3095, 3092)",OHRXXD18CHO2359602NNNN24342131250969_V1_0_03_reference_at_5m.tif,Mentor Reference GeoTIFF Headers (Pairs 01–04),"ProjNatOriginLatGeoKey = -90.0, ProjStraightVertPoleLongGeoKey = 0.0, ProjScaleAtNatOriginGeoKey = 1.0",VERIFIED,Establishes south pole standard origin with 0.0 deg central meridian and nominal scale 1.0.,COMPATIBLE_WITH: Standard polar stereographic origin is verified across all pairs.
CLAIM_03,Horizontal_Datum_Radius,Reference Lunar Radius,"Embedded GeoTIFF Tag 34735 (GeoKey 2057, 2058)",OHRXXD18CHO2359602NNNN24342131250969_V1_0_03_reference_at_5m.tif,Mentor Reference GeoTIFF Headers (Pairs 01–04),"GeogSemiMajorAxisGeoKey = 1737400.0, GeogSemiMinorAxisGeoKey = 1737400.0",VERIFIED,"Defines reference lunar sphere radius as R = 1,737,400.0 m (spherical Moon).",COMPATIBLE_WITH: Matches IAU standard lunar sphere and LOLA reference radius.
CLAIM_04,Vertical_Datum,Vertical Elevation Surface / DTM,Embedded GeoTIFF Headers & Accompanying PDS4 Labels,OHRXXD18CHO2359602NNNN24342131250969_V1_0_03_reference_at_5m.tif,Mentor Benchmark Delivery Files,"ABSENT (No vertical datum, elevation model, or DTM tag present)",UNKNOWN,Elevation surface used for orthorectification or relief handling is unrecorded.,UNQUANTIFIED: Terrain relief parallax can introduce up to tens of meters of local displacement.
CLAIM_05,Geodetic_Realization_Frame,Lunar Geodetic Realization Frame,Embedded GeoTIFF Tag 34735 / 34737,OHRXXD18CHO2359602NNNN24342131250969_V1_0_03_reference_at_5m.tif,Mentor Reference GeoTIFF Headers (Pairs 01–04),GeogCitationGeoKey: 'GCS Name = GCS_Moon|Datum = D_Moon|Ellipsoid = Moon|Primem = Reference_Meridian||',UNKNOWN,"Generic GCS string does not identify whether realization is MOON_ME_DE421, IAU_MOON, or ULCN2005.","UNRESOLVED: Per Phase 23A.8 prompt discipline, frame cannot be inferred from projection or radius."
CLAIM_06,Product_Lineage_Sensor,Originating Sensor & Spacecraft,"Embedded GeoTIFF Standard Tags (305, 306, 270, 315, 269)",OHRXXD18CHO2359602NNNN24342131250969_V1_0_03_reference_at_5m.tif,Mentor Reference GeoTIFF Standard Headers,"TIFFTAG_SOFTWARE=None, TIFFTAG_IMAGEDESCRIPTION=None, TIFFTAG_ARTIST=None",UNKNOWN,No sensor identity is recorded inside the GeoTIFF binary headers. The delivered 5 m/px reference products are cartographically compatible with multiple lunar mapping products; their actual source product remains unverified.,"UNQUANTIFIED: Basemap provenance must NOT be inferred from 5 m/px, projection, radius, geographic extent, or visual appearance."
CLAIM_07,Delivery_Context_Lineage,Problem Statement Context & Naming,SIH 2026 Problem Statement Catalogue & Archive Structure,https://www.sih.gov.in (PS Code SIH26166) / data_for_sih_2026.zip,SIH26166 Problem Statement & Mentor Data Delivery,The delivered 5 m/px reference products are cartographically compatible with multiple lunar mapping products; their actual source product remains unverified.,UNVERIFIED,The delivered 5 m/px reference products are cartographically compatible with multiple lunar mapping products; their actual source product remains unverified.,"UNVERIFIED: Basemap provenance must NOT be inferred from 5 m/px, projection, radius, geographic extent, or visual appearance."
CLAIM_08,Accompanying_Label_Audit,Accompanying XML ReferenceUsed Field,Accompanying PDS4 XML Product Label,OHRXXD18CHO2359602NNNN24342131250969_V1_0_03.xml,Chandrayaan-2 PDS4 XML Product Label,"<ReferenceUsed>System</ReferenceUsed>, <process><SelenoTagging>...</SelenoTagging></process>",DERIVED,"Pertains to OHRC Level-1 source product georeferencing (system-corrected), not the reference raster.","INCONSISTENT_WITH: Confirms source is system-corrected without GCPs, but provides zero reference lineage."
CLAIM_09,Reference_Content_Consistency,Identical Reference Content Over Verified Overlap,Empirical Overlap Analysis (Pair 02 vs Pair 03),OHRXXD18CHO2436502..._ref.tif vs OHRXXD18CHO2470502..._ref.tif,Direct Pixel Verification in Overlap Region,"100.00% IDENTICAL REFERENCE CONTENT OVER VERIFIED OVERLAP (7,089,556 / 7,089,556 pixels, Mean diff = 0.0000, RMS diff = 0.0000)",VERIFIED,"100.00% IDENTICAL REFERENCE CONTENT OVER VERIFIED OVERLAP (7,089,556 / 7,089,556 pixels identical in Pair 02 / Pair 03 overlap, Mean diff = 0.0000). The two delivered reference rasters are identical over the verified overlap, consistent with a common static basemap or identical upstream source. This does not by itself establish the absolute geodetic realization of that common reference.",The differential 435.01 m translation between Pair 02 and Pair 03 is not attributable to a difference between the two delivered reference raster contents over their verified common overlap. A common absolute geodetic offset shared by the reference raster remains possible because the reference geodetic realization is unresolved.
CLAIM_10,Linkage_MOON_ME_DE421,Direct Mathematical Tie to DE421,Full GeoTIFF Tag Inventory & Metadata Audit,research/multimodal/mentor_benchmark/.../3d_projection/run_phase23a8_reference_geodetic_audit.py,Reference Raster Geodetic Tiepoint Audit,"ABSENT (No tiepoint, transformation matrix, or geodetic control network cited)",UNKNOWN,No authoritative mathematical link connects the reference raster to MOON_ME_DE421.,UNRESOLVED: Status remains GEODETIC_LINK_NOT_VERIFIED.
CLAIM_11,Documented_Transform,Transformation Formula to MOON_ME_DE421,Full Project & NAIF/PDS Literature Review,research/multimodal/mentor_benchmark/.../3d_projection/phase23a8_reference_to_moonme_audit.md,Reference-to-MOON_ME Transformation Review,NO_DOCUMENTED_TRANSFORM_IDENTIFIED_IN_AUDITED_INPUTS,UNKNOWN,No documented transformation was identified in the audited local inputs and accompanying product material.,UNRESOLVED: Undocumented translation fitting is strictly forbidden by governance guardrails.
CLAIM_12,Published_Uncertainty_DE421_Rotation,IAU_MOON <-> MOON_ME_DE421 Frame Difference,"NASA NAIF Binary PCK (moon_pa_de421_1900-2050.bpc, moon_080317.tf)",Phase 23A.7 Evaluated Telemetry (run_phase23a7_frame_geodetic_reconciliation.py),Phase 23A.7 Frame Reconciliation Report,"Surface displacement across tested corner/center samples = 22.68 m to 66.01 m (4.82"" to 11.03"" rotation)",VERIFIED,Upper bound of physical displacement produced by switching between IAU and DE421 frame realizations.,NOT_SUFFICIENT_TO_EXPLAIN: Accounts for only 1.04%–5.22% of observed residual; too small by 20–50x.
CLAIM_13,Published_Uncertainty_Controlled_Mosaic,Positional Accuracy of Controlled Lunar Basemaps,"Speyerer et al. (2016) Icarus 273; Barker et al. (2016, 2021) PSS",https://doi.org/10.1016/j.icarus.2016.05.023,LROC Geodetic Coordinate System & LOLA Registration Whitepaper,Published accuracies of other lunar cartographic products — contextual only; not an established uncertainty bound for the mentor reference raster because its lineage remains unresolved.,DERIVED,Contextual literature comparison only; not an established uncertainty bound for the mentor reference raster because its lineage remains unresolved.,Contextual only; cannot be used as a direct error bound for the mentor reference raster.
CLAIM_14,Published_Uncertainty_Uncontrolled_System,Positional Accuracy of System-Corrected CH2 Products,Amitabh et al. (2021) Current Science; Chowdhury et al. (2020) LPSC LI,https://www.currentscience.ac.in / ISRO Chandrayaan-2 Payloads,Chandrayaan-2 Imaging Payloads Georeferencing Accuracy Report,Direct system-corrected georeferencing without GCPs yields nominal pointing uncertainty of ~100–500 meters in published literature.,DERIVED,Contextual pointing range from published literature; not directly demonstrated for these specific acquisitions.,Does not independently account for the full residual under the cited bound; combined error contribution remains unresolved.
CLAIM_15,Delivered_Canvas_Offset_Uncertainty,Delivered Reference Canvas Georeferencing Offset,Forensic Cartographic Audit across Phase 23A–23A.8,research/multimodal/mentor_benchmark/.../3d_projection/phase23a8_readiness_report.md,Phase 23A.8 Geodetic Provenance Synthesis,ABSENT / UNQUANTIFIED in metadata; potentially material macro-offset in canvas tiepoint origin.,UNKNOWN,"If mentor raster canvas origin incorporates an unrecorded macro-offset, it affects all pairs rigidly.",POTENTIALLY_MATERIAL: Macro-offset in canvas georeferencing is structurally capable of kilometre-scale rigid shift.
