pair_id,window,sha256_16,sha256_full,pixel_count,valid_pixels,mean,std,min,max,file_sha256_16,payload_sha256_16,exact_match_result
OHRC_PAIR_01,full,338f57b94eae1af6,338f57b94eae1af6e57fd039b6880208349f01cf27188c427f6eb86e2682a6a2,25036512,25032204,67.15723166046426,58.15774509657534,1,255,4bebce73338e09e9,338f57b94eae1af6,NOT_POSSIBLE -- no authoritative source file available locally
OHRC_PAIR_01,center_512x512,3ea6337d09ed6ae4,3ea6337d09ed6ae4b542b5eaa6342786ff3ce929c90441ada4160724fae952fc,262144,262004,59.84728095754263,39.666938296912505,1,255,4bebce73338e09e9,338f57b94eae1af6,NOT_POSSIBLE -- no authoritative source file available locally
OHRC_PAIR_01,top_left_256x256,2097b5da515ee303,2097b5da515ee303c58e71f723eb6da8277b89f56b50d9f89199a27986b41fa8,65536,65533,90.0889017746784,28.66983716812715,1,255,4bebce73338e09e9,338f57b94eae1af6,NOT_POSSIBLE -- no authoritative source file available locally
OHRC_PAIR_01,top_right_256x256,0aee54384b810ee3,0aee54384b810ee3ddc345d8b9edd27969e448bae315be38929c50f051b10e19,65536,65536,10.99700927734375,0.05460566119225545,10,11,4bebce73338e09e9,338f57b94eae1af6,NOT_POSSIBLE -- no authoritative source file available locally
OHRC_PAIR_01,bottom_center_256x256,739f40acd9de36c5,739f40acd9de36c58846b25d45eb4a7532bbc63329ac35b58f6f5199963c770b,65536,65495,54.60722192533781,29.356049007222364,1,214,4bebce73338e09e9,338f57b94eae1af6,NOT_POSSIBLE -- no authoritative source file available locally
OHRC_PAIR_02,full,7d539b79ae3f09f3,7d539b79ae3f09f31411a3e0cdbe998d0a8c0e0130bb297dc0827a5e3909dcd8,16281447,16270843,60.8442581002103,42.50383645019455,1,255,9f69e68be8474cf2,7d539b79ae3f09f3,NOT_POSSIBLE -- no authoritative source file available locally
OHRC_PAIR_02,center_512x512,3d039fdfa669f51e,3d039fdfa669f51e5a99998aefad1f79bd82367ceb20d5acecd95bb7985beb43,262144,261823,37.992815757210025,28.40253900418764,1,255,9f69e68be8474cf2,7d539b79ae3f09f3,NOT_POSSIBLE -- no authoritative source file available locally
OHRC_PAIR_02,top_left_256x256,d5db9de209cfd9db,d5db9de209cfd9db7967d4418e3e03cbcbd5f88c9085583e1ddfd25e1ad73bff,65536,65512,75.95307729881549,35.377318628415516,1,255,9f69e68be8474cf2,7d539b79ae3f09f3,NOT_POSSIBLE -- no authoritative source file available locally
OHRC_PAIR_02,top_right_256x256,507f9fb571a45680,507f9fb571a45680871bbc624be80865ee3c5904466e04add8a39fb7ea82f67e,65536,65425,38.35755445166221,23.27746568120629,1,187,9f69e68be8474cf2,7d539b79ae3f09f3,NOT_POSSIBLE -- no authoritative source file available locally
OHRC_PAIR_02,bottom_center_256x256,9268d808d0034a27,9268d808d0034a275a56f94328e56099c12b31a1222c70d79a06eb75197f2f57,65536,65519,104.2936400128207,33.93012708962398,1,255,9f69e68be8474cf2,7d539b79ae3f09f3,NOT_POSSIBLE -- no authoritative source file available locally
OHRC_PAIR_03,full,9a710c7a514526af,9a710c7a514526af6b19914ac388b65708adc9f6ce1e03b9414f806cdae5dd7c,15259456,15251336,54.990939678989434,37.51624058586147,1,255,30417e85f872aaca,9a710c7a514526af,NOT_POSSIBLE -- no authoritative source file available locally
OHRC_PAIR_03,center_512x512,a8c6b6f78fea7f3d,a8c6b6f78fea7f3d27b5f847d8cf673adc7c2e5653972caa3da1afa99d37bfbd,262144,261975,39.578505582593756,18.997291449367147,1,183,30417e85f872aaca,9a710c7a514526af,NOT_POSSIBLE -- no authoritative source file available locally
OHRC_PAIR_03,top_left_256x256,2b100da1c269e3cd,2b100da1c269e3cdca3bf4a6fdbc1f9c657b597843990484d8dc075bdb146187,65536,65532,116.51072758347067,25.967295886027436,1,255,30417e85f872aaca,9a710c7a514526af,NOT_POSSIBLE -- no authoritative source file available locally
OHRC_PAIR_03,top_right_256x256,6de78a7d640e3c0d,6de78a7d640e3c0d47bf6efca80ac0f9c777b03d3a785bb1f32ca80cd48f991c,65536,65517,32.17613749103286,15.084406388935557,1,135,30417e85f872aaca,9a710c7a514526af,NOT_POSSIBLE -- no authoritative source file available locally
OHRC_PAIR_03,bottom_center_256x256,b53588f4f2186b74,b53588f4f2186b748b94051fea261a50fd71927074c1a2918aa7fe7c6d7fac52,65536,65524,46.85194737805995,35.50495380975135,1,230,30417e85f872aaca,9a710c7a514526af,NOT_POSSIBLE -- no authoritative source file available locally
OHRC_PAIR_04,full,fb8c33012480b0fc,fb8c33012480b0fcc9a18d73d0569d20e723917b43417021a8e8071c2e74800a,20002808,14025655,68.28441053198586,48.97840005354669,1,255,0bc494da1e927fb5,fb8c33012480b0fc,NOT_POSSIBLE -- no authoritative source file available locally
OHRC_PAIR_04,center_512x512,b7e03ec2c0474b1f,b7e03ec2c0474b1f555a141490f4e13f0fbaa8de6e01dcc6c86cda78dca6f272,262144,261971,47.94868134259136,24.333927571222212,1,255,0bc494da1e927fb5,fb8c33012480b0fc,NOT_POSSIBLE -- no authoritative source file available locally
OHRC_PAIR_04,top_left_256x256,de2f256064a0af79,de2f256064a0af797747c2b97505dc0b9f3df0de4f489eac731c23ae9ca9cc31,65536,0,,,,,0bc494da1e927fb5,fb8c33012480b0fc,NOT_POSSIBLE -- no authoritative source file available locally
OHRC_PAIR_04,top_right_256x256,de2f256064a0af79,de2f256064a0af797747c2b97505dc0b9f3df0de4f489eac731c23ae9ca9cc31,65536,0,,,,,0bc494da1e927fb5,fb8c33012480b0fc,NOT_POSSIBLE -- no authoritative source file available locally
OHRC_PAIR_04,bottom_center_256x256,db37279d9590760f,db37279d9590760fb01e5d91260678a95fb6f762522202b2a7015441fbcd6f69,65536,65521,97.07074067856107,40.92619070386519,1,255,0bc494da1e927fb5,fb8c33012480b0fc,NOT_POSSIBLE -- no authoritative source file available locally
