dataset_id,location_type,sensor,source_file,reference_file,xml_availability,csv_geometry_availability,geotiff_metadata_availability,declared_gsd_availability,footprint_availability,latlon_availability,projection_information,method_classification,compatibility_status,reason
mentor_ohrc_pair_01,Mentor OHRC,Chandrayaan-2 OHRC,OHRXXD18CHO2359602NNNN24342131250969_V1_0_03_source_at_5m.tif,OHRXXD18CHO2359602NNNN24342131250969_V1_0_03_reference_at_5m.tif,Yes,No,Yes (GeoTIFF tags on reference and source),Yes (XML Resolution_in_meter),Yes (XML pan/corners projected _en and lat/lon),Yes (Corner-based lat/lon in XML and source GeoTIFF),Polar stereographic Moon,CORNER-BASED FOOTPRINT,COMPATIBLE,Meets all requirements for modified GeoScale corner diagnostic
mentor_ohrc_pair_02,Mentor OHRC,Chandrayaan-2 OHRC,OHRXXD18CHO2436502NNNN25039175231280_V2_1_01_source_at_5m.tif,OHRXXD18CHO2436502NNNN25039175231280_V2_1_01_reference_at_5m.tif,Yes,No,Yes (GeoTIFF tags on reference and source),Yes (XML Resolution_in_meter),Yes (XML pan/corners projected _en and lat/lon),Yes (Corner-based lat/lon in XML and source GeoTIFF),Polar stereographic Moon,CORNER-BASED FOOTPRINT,COMPATIBLE,Meets all requirements for modified GeoScale corner diagnostic
mentor_ohrc_pair_03,Mentor OHRC,Chandrayaan-2 OHRC,OHRXXD18CHO2470502NNNN25067152549847_V2_1_02_source_at_5m.tif,OHRXXD18CHO2470502NNNN25067152549847_V2_1_02_reference_at_5m.tif,Yes,No,Yes (GeoTIFF tags on reference and source),Yes (XML Resolution_in_meter),Yes (XML pan/corners projected _en and lat/lon),Yes (Corner-based lat/lon in XML and source GeoTIFF),Polar stereographic Moon,CORNER-BASED FOOTPRINT,COMPATIBLE,Meets all requirements for modified GeoScale corner diagnostic
mentor_ohrc_pair_04,Mentor OHRC,Chandrayaan-2 OHRC,OHRXXD18CHO2736702NNNN25285183733061_V1_0_00_source_at_5m.tif,OHRXXD18CHO2736702NNNN25285183733061_V1_0_00_reference_at_5m.tif,Yes,No,Yes (GeoTIFF tags on reference and source),Yes (XML Resolution_in_meter),Yes (XML pan/corners projected _en and lat/lon),Yes (Corner-based lat/lon in XML and source GeoTIFF),Polar stereographic Moon,CORNER-BASED FOOTPRINT,COMPATIBLE,Meets all requirements for modified GeoScale corner diagnostic
mentor_iirs_pair_01,Mentor IIRS,Chandrayaan-2 IIRS,IIRXXD18CHO2686502NNNN25244140531312_V2_1_source.tif,IIRXXD18CHO2686502NNNN25244140531312_V2_1_reference.tif,Yes,No,Yes (Reference GeoTIFF tags),Yes (XML Resolution_in_meter),Partial (Corners in degrees only; missing projected _en coordinates),Yes (Corners in angular degrees),SelenoGraphic / Moon Spheroid (Unprojected degrees),METADATA-ONLY,INCOMPATIBLE / MISSING REQUIRED METADATA,Missing <pan> block and projected meter corner coordinates (_latitude_en / _longitude_en) required by modified GeoScale
mentor_iirs_pair_02,Mentor IIRS,Chandrayaan-2 IIRS,IIRXXD32CHO1519402NNNN23022110758606_V1_1_01_source.tif,IIRXXD32CHO1519402NNNN23022110758606_V1_1_01_reference.tif,Yes,No,Yes (Reference GeoTIFF tags),Yes (XML Resolution_in_meter),Partial (Corners in degrees only; missing projected _en coordinates),Yes (Corners in angular degrees),SelenoGraphic / Moon Spheroid (Unprojected degrees),METADATA-ONLY,INCOMPATIBLE / MISSING REQUIRED METADATA,Missing <pan> block and projected meter corner coordinates (_latitude_en / _longitude_en) required by modified GeoScale
project_pair01,Project Data,Chandrayaan-2 OHRC / Mixed / Optical,None,None,No,No,No,No,No,No,None,INCOMPATIBLE,INCOMPATIBLE / EMPTY DIRECTORY,Directory contains no files.
project_pair02,Project Data,Chandrayaan-2 OHRC / Mixed / Optical,source.png,reference.png,No,No,No,No,No,No,None,INCOMPATIBLE,INCOMPATIBLE / MISSING REQUIRED METADATA,"Required XML metadata, projected corner coordinates, and GeoTIFF tags are missing."
project_pair03,Project Data,Chandrayaan-2 OHRC / Mixed / Optical,None,None,No,No,No,No,No,No,None,INCOMPATIBLE,INCOMPATIBLE / EMPTY DIRECTORY,Directory contains no files.
project_pair04,Project Data,Chandrayaan-2 OHRC / Mixed / Optical,None,None,No,No,No,No,No,No,None,INCOMPATIBLE,INCOMPATIBLE / EMPTY DIRECTORY,Directory contains no files.
project_pair05,Project Data,Chandrayaan-2 OHRC / Mixed / Optical,ch2_ohr_ncp_20200824T0806596861.png,ch2_ohr_ncp_20200824T1003365280.png,No,No,No,No,Yes (Bounding box degrees in sibling metadata),Yes (In sibling metadata/pair05_actual_geo_matches.csv),None,METADATA-ONLY / PER-PIXEL MATCHES IN METADATA,INCOMPATIBLE / MISSING REQUIRED METADATA,"Imagery is PNG without XML. Sibling metadata/image_footprints.csv has bounding box degrees; metadata/pair05_actual_geo_matches.csv has 96,397 per-pixel coordinates, but no projected XML."
project_large_ch2,Project Data,Chandrayaan-2 OHRC / Mixed / Optical,source_ch2_large.png,reference_ch2_large.png,No,No,No,No,No,No,None,INCOMPATIBLE,INCOMPATIBLE / MISSING REQUIRED METADATA,"Required XML metadata, projected corner coordinates, and GeoTIFF tags are missing."
project_validation_pair_01,Project Data,Chandrayaan-2 OHRC / Mixed / Optical,source.png,reference.png,No,No,No,No,No,No,None,INCOMPATIBLE,INCOMPATIBLE / MISSING REQUIRED METADATA,"Required XML metadata, projected corner coordinates, and GeoTIFF tags are missing."
project_validation_pair_02,Project Data,Chandrayaan-2 OHRC / Mixed / Optical,source.png,reference.png,No,No,No,No,No,No,None,INCOMPATIBLE,INCOMPATIBLE / MISSING REQUIRED METADATA,"Required XML metadata, projected corner coordinates, and GeoTIFF tags are missing."
project_validation_pair_03,Project Data,Chandrayaan-2 OHRC / Mixed / Optical,source.png,reference.png,No,No,No,No,No,No,None,INCOMPATIBLE,INCOMPATIBLE / MISSING REQUIRED METADATA,"Required XML metadata, projected corner coordinates, and GeoTIFF tags are missing."
project_validation_pair_04,Project Data,Chandrayaan-2 OHRC / Mixed / Optical,source.png,reference.png,No,No,No,No,No,No,None,INCOMPATIBLE,INCOMPATIBLE / MISSING REQUIRED METADATA,"Required XML metadata, projected corner coordinates, and GeoTIFF tags are missing."
project_reference_source_toplevel,Project Data,Chandrayaan-2 OHRC / Mixed / Optical,None,reference.jpeg,No,No,No,No,No,No,None,INCOMPATIBLE,INCOMPATIBLE / MISSING REQUIRED METADATA,"Required XML metadata, projected corner coordinates, and GeoTIFF tags are missing."
project_tycho,Project Data,Chandrayaan-2 OHRC / Mixed / Optical,source (1).png,real_refrence.png,No,No,No,No,No,No,None,INCOMPATIBLE,INCOMPATIBLE / MISSING REQUIRED METADATA,"Required XML metadata, projected corner coordinates, and GeoTIFF tags are missing."
project_cross_sensor,Project Data,Chandrayaan-2 OHRC / Mixed / Optical,souse.jpeg,ref.jpeg,No,No,No,No,No,No,None,INCOMPATIBLE,INCOMPATIBLE / MISSING REQUIRED METADATA,"Required XML metadata, projected corner coordinates, and GeoTIFF tags are missing."
project_phase3_angle_pairs,Project Data,Chandrayaan-2 OHRC / Mixed / Optical,None,None,No,No,No,No,No,No,None,INCOMPATIBLE,INCOMPATIBLE / EMPTY DIRECTORY,Directory contains no files.
