src_x,src_y,ref_x,ref_y
160.64622,73.34038,160.6503,73.33484
160.64622,73.34038,160.6503,73.33484
80.08822,242.78847,80.084564,242.78024
55.05007,28.709637,55.052597,28.700745
41.156406,40.353687,41.15407,40.337986
114.97941,241.17383,114.983795,241.17322
275.97174,227.88414,275.9774,227.8816
289.54,282.23276,289.55,282.2323
365.62122,291.4029,365.62997,291.408
320.34042,80.25634,320.3448,80.259
298.17856,274.982,298.1825,274.9785
358.87244,244.33957,358.87723,244.34685
461.13843,35.356953,461.14438,35.369904
554.3937,291.69272,554.39233,291.69775
473.1879,203.17342,473.19077,203.17644
473.1879,203.17342,473.19077,203.17644
589.31537,108.27517,589.31335,108.296646
517.94495,88.814384,517.9495,88.821686
8.768597,362.60022,8.764927,362.5959
118.222595,592.562,118.22252,592.569
118.222595,592.562,118.22252,592.569
36.42342,303.0974,36.418457,303.0941
36.42342,303.0974,36.418457,303.0941
96.023,486.8347,96.01869,486.83374
269.6033,428.2942,269.60892,428.2951
391.7704,575.6572,391.7737,575.66003
376.0525,495.84058,376.05927,495.8446
375.3952,592.83234,375.39804,592.83905
345.0917,411.59692,345.09598,411.59695
345.0917,411.59692,345.09598,411.59695
422.45026,536.5781,422.4536,536.58154
422.45026,536.5781,422.4536,536.58154
515.7074,372.35034,515.7073,372.35513
515.7074,372.35034,515.7073,372.35513
429.97763,465.079,429.97952,465.08136
429.97763,465.079,429.97952,465.08136
108.01301,610.2127,108.007095,610.2226
108.01301,610.2127,108.007095,610.2226
180.04628,611.8656,180.05,611.8729
64.40751,767.10406,64.40311,767.1196
175.91588,707.81396,175.90912,707.825
178.22644,712.0459,178.23004,712.05396
204.59863,756.75806,204.59918,756.77124
234.06339,767.4655,234.06349,767.477
234.06339,767.4655,234.06349,767.477
291.4655,882.5336,291.46793,882.54865
208.41415,768.6722,208.41425,768.6839
399.68036,737.6121,399.68582,737.617
418.51755,748.17926,418.5191,748.18555
484.13934,635.02277,484.1397,635.02484
588.79004,666.32764,588.7869,666.33167
588.79004,666.32764,588.7869,666.33167
594.1005,847.11816,594.09863,847.12146
477.9767,628.91064,477.9754,628.91656
