case,method,footprint,patch_size,radius,candidates,initial_inliers,initial_inlier_ratio,spatial_occupancy,fit_rmse,heldout_rmse,heldout_valid,failure_stage,failure_reason,runtime_sec,valid_orientation_fraction
native_iirs_ohrc,Phase 7 SSC,baseline_7x7_r4,7,4.0,229,10,0.0437,0.3333,0.2702,1.2399,True,,,1.571,
native_iirs_ohrc,Phase 7 SSC,compact_5x5_r3,5,3.0,248,7,0.0282,0.3333,1.4089,,False,held_out_validation,Insufficient inliers for independent held-out check (7 < 8),2.33,
native_iirs_ohrc,Phase-9-derived Rot-Norm SSC,baseline_7x7_r4,7,4.0,224,7,0.0312,0.4444,0.8757,,False,held_out_validation,Insufficient inliers for independent held-out check (7 < 8),1.923,0.976667
native_iirs_ohrc,Phase-9-derived Rot-Norm SSC,compact_5x5_r3,5,3.0,245,7,0.0286,0.4444,1.1178,,False,held_out_validation,Insufficient inliers for independent held-out check (7 < 8),1.878,0.976667
synthetic_rotation_+10,Phase 7 SSC,baseline_7x7_r4,7,4.0,255,7,0.0275,0.4444,1.1556,,False,held_out_validation,Insufficient inliers for independent held-out check (7 < 8),2.355,
synthetic_rotation_+10,Phase 7 SSC,compact_5x5_r3,5,3.0,252,6,0.0238,0.3333,0.9189,,False,held_out_validation,Insufficient inliers for independent held-out check (6 < 8),1.641,
synthetic_rotation_+10,Phase-9-derived Rot-Norm SSC,baseline_7x7_r4,7,4.0,240,6,0.025,0.5556,1.0464,,False,held_out_validation,Insufficient inliers for independent held-out check (6 < 8),1.674,0.98
synthetic_rotation_+10,Phase-9-derived Rot-Norm SSC,compact_5x5_r3,5,3.0,259,7,0.027,0.3333,0.6145,,False,held_out_validation,Insufficient inliers for independent held-out check (7 < 8),1.751,0.98
synthetic_rotation_+20,Phase 7 SSC,baseline_7x7_r4,7,4.0,242,6,0.0248,0.4444,0.8969,,False,held_out_validation,Insufficient inliers for independent held-out check (6 < 8),1.494,
synthetic_rotation_+20,Phase 7 SSC,compact_5x5_r3,5,3.0,259,7,0.027,0.6667,1.1186,,False,held_out_validation,Insufficient inliers for independent held-out check (7 < 8),1.645,
synthetic_rotation_+20,Phase-9-derived Rot-Norm SSC,baseline_7x7_r4,7,4.0,244,6,0.0246,0.5556,0.5167,,False,held_out_validation,Insufficient inliers for independent held-out check (6 < 8),1.773,0.975333
synthetic_rotation_+20,Phase-9-derived Rot-Norm SSC,compact_5x5_r3,5,3.0,262,6,0.0229,0.5556,1.0435,,False,held_out_validation,Insufficient inliers for independent held-out check (6 < 8),1.744,0.975333
synthetic_rotation_+30,Phase 7 SSC,baseline_7x7_r4,7,4.0,229,6,0.0262,0.4444,0.6487,,False,held_out_validation,Insufficient inliers for independent held-out check (6 < 8),1.587,
synthetic_rotation_+30,Phase 7 SSC,compact_5x5_r3,5,3.0,257,7,0.0272,0.5556,0.8144,,False,held_out_validation,Insufficient inliers for independent held-out check (7 < 8),1.549,
synthetic_rotation_+30,Phase-9-derived Rot-Norm SSC,baseline_7x7_r4,7,4.0,247,7,0.0283,0.4444,1.0464,,False,held_out_validation,Insufficient inliers for independent held-out check (7 < 8),2.359,0.986667
synthetic_rotation_+30,Phase-9-derived Rot-Norm SSC,compact_5x5_r3,5,3.0,269,6,0.0223,0.6667,0.5882,,False,held_out_validation,Insufficient inliers for independent held-out check (6 < 8),1.723,0.986667
synthetic_rotation_-20,Phase 7 SSC,baseline_7x7_r4,7,4.0,214,6,0.028,0.4444,0.5092,,False,held_out_validation,Insufficient inliers for independent held-out check (6 < 8),1.571,
synthetic_rotation_-20,Phase 7 SSC,compact_5x5_r3,5,3.0,233,6,0.0258,0.6667,0.7008,,False,held_out_validation,Insufficient inliers for independent held-out check (6 < 8),1.573,
synthetic_rotation_-20,Phase-9-derived Rot-Norm SSC,baseline_7x7_r4,7,4.0,228,6,0.0263,0.4444,1.4269,,False,held_out_validation,Insufficient inliers for independent held-out check (6 < 8),1.738,0.985333
synthetic_rotation_-20,Phase-9-derived Rot-Norm SSC,compact_5x5_r3,5,3.0,250,7,0.028,0.6667,1.2742,,False,held_out_validation,Insufficient inliers for independent held-out check (7 < 8),1.849,0.985333
pair_01,Phase 7 SSC,baseline_7x7_r4,7,4.0,256,53,0.207,1.0,0.6195,0.7482,True,,,1.357,
pair_01,Phase 7 SSC,compact_5x5_r3,5,3.0,269,40,0.1487,0.7778,0.5884,0.9066,True,,,1.543,
pair_01,Phase-9-derived Rot-Norm SSC,baseline_7x7_r4,7,4.0,554,452,0.8159,1.0,0.2091,0.2203,True,,,1.448,0.96678
pair_01,Phase-9-derived Rot-Norm SSC,compact_5x5_r3,5,3.0,498,371,0.745,1.0,0.2259,0.2246,True,,,1.271,0.96678
pair_02,Phase 7 SSC,baseline_7x7_r4,7,4.0,200,6,0.03,0.5556,1.1252,,False,held_out_validation,Insufficient inliers for independent held-out check (6 < 8),1.657,
pair_02,Phase 7 SSC,compact_5x5_r3,5,3.0,189,0,0.0,0.0,,,False,common_downstream,Common downstream RANSAC yielded insufficient inliers (0 < 4).,1.736,
pair_02,Phase-9-derived Rot-Norm SSC,baseline_7x7_r4,7,4.0,189,7,0.037,0.4444,0.9362,,False,held_out_validation,Insufficient inliers for independent held-out check (7 < 8),1.721,0.981333
pair_02,Phase-9-derived Rot-Norm SSC,compact_5x5_r3,5,3.0,166,5,0.0301,0.3333,0.0,,False,held_out_validation,Insufficient inliers for independent held-out check (5 < 8),1.971,0.981333
pair_03,Phase 7 SSC,baseline_7x7_r4,7,4.0,337,145,0.4303,0.6667,0.5831,0.6952,True,,,1.791,
pair_03,Phase 7 SSC,compact_5x5_r3,5,3.0,314,117,0.3726,0.6667,0.481,0.5113,True,,,1.505,
pair_03,Phase-9-derived Rot-Norm SSC,baseline_7x7_r4,7,4.0,312,113,0.3622,0.6667,0.4583,0.5581,True,,,1.731,0.989333
pair_03,Phase-9-derived Rot-Norm SSC,compact_5x5_r3,5,3.0,291,82,0.2818,0.6667,0.4887,0.5705,True,,,1.605,0.989333
